LineA,Date,Hour,LineB,LineC,Temperature,Rainfall,,,,,,
234,01/01/2018,0,51,34,0.620241075,0,,,,,,
111,01/01/2018,1,31,37,1.15004436,0,,,,,,
116,01/01/2018,2,75,54,1.506032727,0,,,,,,
55,01/01/2018,3,23,12,2.98319603,16.630658,,,,,,
0,01/01/2018,4,0,0,2.475185689,0,,,,,,
0,01/01/2018,5,0,0,3.473897398,0,,,,,,
213,01/01/2018,6,58,30,3.062811824,0,,,,,,
641,01/01/2018,7,37,57,2.768547901,2.033871161,,,,,,
948,01/01/2018,8,42,25,3.740216937,0,,,,,,
829,01/01/2018,9,110,90,5.481026941,0,,,,,,
719,01/01/2018,10,78,45,7.242678518,10.08890232,,,,,,
699,01/01/2018,11,68,69,7.051110605,0,,,,,,
866,01/01/2018,12,6,4,6.650531496,12.96189243,,,,,,
571,01/01/2018,13,89,93,6.068992467,14.56467084,,,,,,
504,01/01/2018,14,86,73,6.703051556,3.973673701,,,,,,
406,01/01/2018,15,21,31,5.498287417,0,,,,,,
679,01/01/2018,16,43,59,3.726025485,18.1869518,,,,,,
934,01/01/2018,17,86,88,3.848676823,0,,,,,,
821,01/01/2018,18,86,92,3.430281681,0,,,,,,
650,01/01/2018,19,58,48,2.112243218,0,,,,,,
530,01/01/2018,20,164,87,2.632690361,0,,,,,,
425,01/01/2018,21,39,57,1.542340436,0,,,,,,
437,01/01/2018,22,30,37,2.747382278,0,,,,,,
367,01/01/2018,23,90,51,2.047668707,12.54168211,,,,,,
209,02/01/2018,0,33,95,1.439964584,0,,,,,,
107,02/01/2018,1,5,23,1.104179802,0,,,,,,
115,02/01/2018,2,16,56,1.498273423,0,,,,,,
59,02/01/2018,3,11,16,2.882263113,0,,,,,,
0,02/01/2018,4,0,0,1.624664471,0,,,,,,
0,02/01/2018,5,0,0,3.628482004,0,,,,,,
238,02/01/2018,6,7,6,3.632107486,0,,,,,,
649,02/01/2018,7,14,51,4.24273076,0,,,,,,
968,02/01/2018,8,145,77,4.814738565,0,,,,,,
885,02/01/2018,9,43,23,4.915130711,0,,,,,,
653,02/01/2018,10,21,33,6.862012507,0,,,,,,
607,02/01/2018,11,5,36,7.722270823,0,,,,,,
774,02/01/2018,12,10,16,7.61211055,0,,,,,,
570,02/01/2018,13,48,37,6.083943413,0,,,,,,
448,02/01/2018,14,7,9,7.085279315,0,,,,,,
420,02/01/2018,15,19,67,5.499236006,0,,,,,,
522,02/01/2018,16,95,60,4.06731594,0,,,,,,
1010,02/01/2018,17,111,73,4.332861286,0,,,,,,
816,02/01/2018,18,51,33,2.49111318,0,,,,,,
694,02/01/2018,19,92,60,3.111624703,0,,,,,,
504,02/01/2018,20,168,93,2.107351436,0,,,,,,
443,02/01/2018,21,133,84,1.850376438,0,,,,,,
414,02/01/2018,22,11,14,2.569210855,0,,,,,,
325,02/01/2018,23,115,64,2.435758367,0,,,,,,
212,03/01/2018,0,0,0,1.805986554,0,,,,,,
119,03/01/2018,1,14,98,1.817355026,0,,,,,,
109,03/01/2018,2,62,54,2.226085237,0,,,,,,
58,03/01/2018,3,167,92,1.712585048,0,,,,,,
0,03/01/2018,4,0,0,1.801341281,19.04794902,,,,,,
0,03/01/2018,5,0,0,1.784506107,5.486348238,,,,,,
216,03/01/2018,6,99,53,2.089443355,0,,,,,,
735,03/01/2018,7,89,82,3.5605237,4.496632285,,,,,,
1040,03/01/2018,8,20,21,4.032335953,0,,,,,,
927,03/01/2018,9,8,44,6.814984379,0,,,,,,
613,03/01/2018,10,107,68,7.149716583,0,,,,,,
720,03/01/2018,11,7,7,6.850714984,0,,,,,,
873,03/01/2018,12,110,62,7.036179585,7.853792731,,,,,,
592,03/01/2018,13,73,83,6.369426298,0,,,,,,
451,03/01/2018,14,28,42,6.613473035,0,,,,,,
428,03/01/2018,15,30,23,5.058076509,0,,,,,,
566,03/01/2018,16,23,14,4.906930436,0,,,,,,
1035,03/01/2018,17,2,4,3.045038144,0,,,,,,
923,03/01/2018,18,51,29,2.499763461,0,,,,,,
712,03/01/2018,19,3,15,2.646488325,0,,,,,,
583,03/01/2018,20,155,96,2.840620189,0,,,,,,
402,03/01/2018,21,1,11,1.593271182,0,,,,,,
457,03/01/2018,22,63,74,2.930703121,0,,,,,,
339,03/01/2018,23,9,93,2.123212745,3.682968603,,,,,,
236,04/01/2018,0,21,40,2.188021112,0,,,,,,
118,04/01/2018,1,137,100,2.672878347,0,,,,,,
114,04/01/2018,2,30,54,2.262507034,0,,,,,,
52,04/01/2018,3,157,100,1.384678993,0,,,,,,
0,04/01/2018,4,0,0,2.792785461,0,,,,,,
0,04/01/2018,5,0,0,1.881970005,0,,,,,,
239,04/01/2018,6,23,57,2.647036435,0,,,,,,
692,04/01/2018,7,2,19,4.203169257,0,,,,,,
921,04/01/2018,8,54,68,4.092538954,0,,,,,,
849,04/01/2018,9,65,57,5.91067938,0,,,,,,
627,04/01/2018,10,130,70,6.784052454,0,,,,,,
682,04/01/2018,11,61,82,7.576710136,0,,,,,,
767,04/01/2018,12,109,55,6.889343144,0,,,,,,
578,04/01/2018,13,83,51,6.09151902,0,,,,,,
467,04/01/2018,14,55,41,7.031211703,0,,,,,,
431,04/01/2018,15,3,6,5.679997111,0,,,,,,
502,04/01/2018,16,97,50,4.152707955,0,,,,,,
1006,04/01/2018,17,68,86,3.527358524,0,,,,,,
948,04/01/2018,18,125,75,2.312971405,0,,,,,,
635,04/01/2018,19,33,50,3.193763188,0,,,,,,
521,04/01/2018,20,23,35,3.209571102,0,,,,,,
460,04/01/2018,21,155,98,2.820949864,0,,,,,,
472,04/01/2018,22,161,98,1.558996471,0,,,,,,
303,04/01/2018,23,3,30,1.247302775,0,,,,,,
213,05/01/2018,0,46,43,2.771532095,0,,,,,,
118,05/01/2018,1,38,52,2.066186067,0,,,,,,
120,05/01/2018,2,97,60,2.901968641,0,,,,,,
51,05/01/2018,3,68,36,1.416958204,0,,,,,,
0,05/01/2018,4,0,0,3.24605176,0,,,,,,
0,05/01/2018,5,0,0,3.723523391,6.48219891,,,,,,
201,05/01/2018,6,14,49,3.749716925,0,,,,,,
693,05/01/2018,7,115,60,4.308439947,0,,,,,,
1135,05/01/2018,8,14,20,4.038826261,9.384334503,,,,,,
885,05/01/2018,9,3,85,5.391588464,0,,,,,,
623,05/01/2018,10,61,71,6.85596409,0,,,,,,
659,05/01/2018,11,79,41,7.382816612,0,,,,,,
798,05/01/2018,12,47,30,7.165885135,15.70902351,,,,,,
589,05/01/2018,13,69,35,7.612525228,0,,,,,,
429,05/01/2018,14,5,37,6.565265576,0,,,,,,
509,05/01/2018,15,102,100,5.871220816,17.54655388,,,,,,
517,05/01/2018,16,1,3,5.479735098,0,,,,,,
915,05/01/2018,17,145,78,3.328152337,0,,,,,,
896,05/01/2018,18,85,67,3.012381027,0,,,,,,
609,05/01/2018,19,3,78,2.980864121,0,,,,,,
593,05/01/2018,20,18,49,1.773244226,0,,,,,,
512,05/01/2018,21,4,7,1.728031924,6.326580498,,,,,,
476,05/01/2018,22,55,58,2.115713943,0,,,,,,
345,05/01/2018,23,96,91,1.519323042,0,,,,,,
357,06/01/2018,0,12,7,2.222621708,11.56725297,,,,,,
234,06/01/2018,1,7,12,1.865920429,0,,,,,,
210,06/01/2018,2,78,63,1.994353994,0,,,,,,
178,06/01/2018,3,18,27,2.079282496,0,,,,,,
0,06/01/2018,4,0,0,3.551683249,0,,,,,,
0,06/01/2018,5,0,0,2.451756507,8.801165481,,,,,,
106,06/01/2018,6,58,77,2.412050566,0,,,,,,
202,06/01/2018,7,11,28,3.344193204,0,,,,,,
228,06/01/2018,8,49,75,5.154365693,6.702035842,,,,,,
352,06/01/2018,9,104,75,6.791928758,0,,,,,,
499,06/01/2018,10,120,69,7.242719075,18.75583436,,,,,,
580,06/01/2018,11,5,12,6.871747826,0,,,,,,
702,06/01/2018,12,62,70,6.682650559,0,,,,,,
687,06/01/2018,13,16,40,6.505403383,0,,,,,,
510,06/01/2018,14,34,23,6.692631041,0,,,,,,
686,06/01/2018,15,135,72,5.754545897,17.83585485,,,,,,
605,06/01/2018,16,66,47,5.12267322,0,,,,,,
629,06/01/2018,17,34,65,4.069334435,0,,,,,,
538,06/01/2018,18,76,80,2.320304726,0,,,,,,
585,06/01/2018,19,33,37,2.622096425,0,,,,,,
545,06/01/2018,20,13,9,3.299686078,14.68952802,,,,,,
439,06/01/2018,21,90,57,2.774243248,0,,,,,,
458,06/01/2018,22,2,1,2.735288429,0,,,,,,
492,06/01/2018,23,1,34,2.539306882,9.386773233,,,,,,
326,07/01/2018,0,127,64,2.525455587,0,,,,,,
232,07/01/2018,1,11,19,1.802628138,0,,,,,,
201,07/01/2018,2,15,8,1.802906978,0,,,,,,
167,07/01/2018,3,4,13,3.222732056,7.746869884,,,,,,
0,07/01/2018,4,0,0,2.530750714,0.273436116,,,,,,
0,07/01/2018,5,0,0,3.675425796,0,,,,,,
108,07/01/2018,6,16,17,3.460765581,0,,,,,,
233,07/01/2018,7,86,73,3.491824593,0,,,,,,
222,07/01/2018,8,29,100,4.562640266,0,,,,,,
338,07/01/2018,9,3,2,5.79382263,0,,,,,,
448,07/01/2018,10,107,62,7.500516885,0,,,,,,
541,07/01/2018,11,15,8,7.184979816,0,,,,,,
710,07/01/2018,12,42,24,8.222948335,0,,,,,,
607,07/01/2018,13,38,87,6.707648881,0,,,,,,
589,07/01/2018,14,43,22,6.345231328,14.62056077,,,,,,
556,07/01/2018,15,59,64,6.329207185,0,,,,,,
711,07/01/2018,16,73,41,3.930505362,10.77279123,,,,,,
701,07/01/2018,17,107,80,3.253849219,18.40052986,,,,,,
596,07/01/2018,18,127,77,3.553378162,0,,,,,,
586,07/01/2018,19,26,22,3.648846989,0,,,,,,
575,07/01/2018,20,124,89,3.686380161,0,,,,,,
508,07/01/2018,21,110,99,2.85302951,5.720965749,,,,,,
444,07/01/2018,22,36,30,2.510022139,0,,,,,,
471,07/01/2018,23,30,23,1.633168222,19.34496918,,,,,,
209,08/01/2018,0,51,48,1.348870578,0,,,,,,
100,08/01/2018,1,155,88,1.477770479,0,,,,,,
102,08/01/2018,2,91,93,1.633015193,0,,,,,,
52,08/01/2018,3,15,13,1.760776462,0,,,,,,
0,08/01/2018,4,0,0,3.053276283,0,,,,,,
0,08/01/2018,5,0,0,3.283387902,0,,,,,,
222,08/01/2018,6,21,33,3.410911878,0,,,,,,
662,08/01/2018,7,60,79,4.391112408,0,,,,,,
1047,08/01/2018,8,3,29,5.31556066,0,,,,,,
835,08/01/2018,9,45,31,6.952682733,0,,,,,,
672,08/01/2018,10,47,30,6.148845695,0,,,,,,
628,08/01/2018,11,15,15,6.088349907,0,,,,,,
715,08/01/2018,12,114,90,6.401283295,0,,,,,,
539,08/01/2018,13,118,78,6.72136299,0,,,,,,
447,08/01/2018,14,6,3,5.852665701,0,,,,,,
475,08/01/2018,15,21,23,5.453988929,0,,,,,,
527,08/01/2018,16,3,96,5.003372344,0,,,,,,
1003,08/01/2018,17,74,57,4.514764545,0,,,,,,
887,08/01/2018,18,11,50,3.538418525,0,,,,,,
649,08/01/2018,19,1,3,2.482323795,0,,,,,,
567,08/01/2018,20,75,59,3.77047673,0,,,,,,
409,08/01/2018,21,122,90,2.406286744,0,,,,,,
446,08/01/2018,22,30,62,1.881418144,0,,,,,,
326,08/01/2018,23,15,26,1.933471055,0,,,,,,
227,09/01/2018,0,40,23,2.37115735,0,,,,,,
134,09/01/2018,1,39,48,2.693829644,9.420738082,,,,,,
111,09/01/2018,2,54,90,1.552081771,0,,,,,,
56,09/01/2018,3,145,85,2.556907125,0,,,,,,
0,09/01/2018,4,0,0,3.706326041,0,,,,,,
0,09/01/2018,5,0,0,2.592988309,0,,,,,,
234,09/01/2018,6,16,70,2.697305582,0,,,,,,
668,09/01/2018,7,20,37,4.362124736,13.05751238,,,,,,
1007,09/01/2018,8,46,40,5.790122542,0,,,,,,
849,09/01/2018,9,67,89,5.458607336,0,,,,,,
610,09/01/2018,10,61,65,7.08249753,0,,,,,,
627,09/01/2018,11,38,27,7.586076666,0,,,,,,
774,09/01/2018,12,112,85,8.194191851,0,,,,,,
501,09/01/2018,13,65,56,6.394576967,0,,,,,,
414,09/01/2018,14,10,33,6.017475782,0,,,,,,
421,09/01/2018,15,3,10,6.919185504,0,,,,,,
668,09/01/2018,16,6,11,4.96587898,15.37330259,,,,,,
936,09/01/2018,17,162,98,3.453658623,0,,,,,,
900,09/01/2018,18,21,21,3.382753977,0,,,,,,
636,09/01/2018,19,85,62,3.77824639,11.26960509,,,,,,
586,09/01/2018,20,59,50,3.547677786,0,,,,,,
441,09/01/2018,21,52,58,2.070896784,0,,,,,,
437,09/01/2018,22,18,51,2.677126069,0,,,,,,
338,09/01/2018,23,6,9,1.92253242,0,,,,,,
224,09/01/2018,0,64,51,1.183233425,0,,,,,,
118,09/01/2018,1,110,100,1.509694512,0,,,,,,
102,09/01/2018,2,82,80,1.649354204,0,,,,,,
59,09/01/2018,3,2,94,3.194366186,0,,,,,,
0,09/01/2018,4,0,0,2.098268681,0,,,,,,
0,09/01/2018,5,0,0,3.063630923,4.168918461,,,,,,
212,09/01/2018,6,90,55,4.150362064,0,,,,,,
665,09/01/2018,7,17,11,3.591742877,0,,,,,,
1023,09/01/2018,8,42,76,4.581692834,0,,,,,,
898,09/01/2018,9,63,44,5.357672928,0,,,,,,
639,09/01/2018,10,24,14,7.784708998,0,,,,,,
606,09/01/2018,11,54,41,6.252429218,0,,,,,,
780,09/01/2018,12,33,28,6.433268613,0,,,,,,
676,09/01/2018,13,41,33,6.204698543,11.50073663,,,,,,
481,09/01/2018,14,20,12,7.567645607,1.512068499,,,,,,
445,09/01/2018,15,8,76,5.484743805,0,,,,,,
563,09/01/2018,16,1,46,5.620207507,0,,,,,,
950,09/01/2018,17,11,46,3.38111473,5.410089618,,,,,,
977,09/01/2018,18,101,97,2.280407329,1.703833752,,,,,,
712,09/01/2018,19,8,15,3.692439342,0,,,,,,
506,09/01/2018,20,82,47,3.461007197,0,,,,,,
452,09/01/2018,21,161,85,3.154691346,0,,,,,,
463,09/01/2018,22,25,40,3.018440232,0,,,,,,
357,09/01/2018,23,52,96,2.795823986,0,,,,,,
235,11/01/2018,0,22,79,1.506623878,0,,,,,,
111,11/01/2018,1,58,65,2.108040972,0,,,,,,
118,11/01/2018,2,6,11,2.515396222,0,,,,,,
59,11/01/2018,3,12,87,2.858734195,0,,,,,,
0,11/01/2018,4,0,0,3.065376854,0,,,,,,
0,11/01/2018,5,0,0,2.281656925,0,,,,,,
214,11/01/2018,6,33,47,2.950517935,0,,,,,,
702,11/01/2018,7,5,11,3.96229658,0,,,,,,
992,11/01/2018,8,72,60,4.218518988,0,,,,,,
895,11/01/2018,9,56,76,5.964236349,0,,,,,,
672,11/01/2018,10,7,49,5.91000674,0,,,,,,
605,11/01/2018,11,73,49,6.896594289,0,,,,,,
732,11/01/2018,12,44,59,6.511805146,0,,,,,,
527,11/01/2018,13,24,75,6.612420818,0,,,,,,
468,11/01/2018,14,81,62,6.537346444,0,,,,,,
452,11/01/2018,15,27,88,5.500545402,0,,,,,,
596,11/01/2018,16,54,52,4.111729296,0,,,,,,
918,11/01/2018,17,113,69,3.758798011,0,,,,,,
814,11/01/2018,18,8,73,2.83630796,0,,,,,,
712,11/01/2018,19,48,38,2.670008817,0,,,,,,
586,11/01/2018,20,81,56,3.579646474,0,,,,,,
438,11/01/2018,21,137,69,2.17599463,0,,,,,,
434,11/01/2018,22,7,65,1.639069401,0,,,,,,
316,11/01/2018,23,0,0,2.248118234,0,,,,,,
221,12/01/2018,0,149,83,1.362738711,0,,,,,,
111,12/01/2018,1,162,92,3.307173175,0,,,,,,
112,12/01/2018,2,46,32,2.814596135,0,,,,,,
59,12/01/2018,3,4,6,3.136080681,0,,,,,,
0,12/01/2018,4,0,0,2.555073376,0,,,,,,
0,12/01/2018,5,0,0,3.550139394,0,,,,,,
227,12/01/2018,6,88,74,2.487381122,0,,,,,,
648,12/01/2018,7,12,10,3.631376506,0,,,,,,
966,12/01/2018,8,70,70,5.489735992,0,,,,,,
840,12/01/2018,9,38,26,6.881960753,0,,,,,,
608,12/01/2018,10,10,13,6.109077174,0,,,,,,
623,12/01/2018,11,135,71,7.355902125,0,,,,,,
727,12/01/2018,12,2,62,7.605038109,0,,,,,,
547,12/01/2018,13,80,55,6.894029373,0,,,,,,
412,12/01/2018,14,71,81,6.315012801,0,,,,,,
427,12/01/2018,15,33,66,5.752787108,0,,,,,,
548,12/01/2018,16,56,87,5.437379721,0,,,,,,
1075,12/01/2018,17,57,63,2.975402839,0,,,,,,
931,12/01/2018,18,99,99,4.270350509,0,,,,,,
708,12/01/2018,19,80,73,2.950697137,0,,,,,,
578,12/01/2018,20,2,14,2.326012092,0,,,,,,
455,12/01/2018,21,140,89,3.358531425,0,,,,,,
421,12/01/2018,22,22,14,2.934602348,0,,,,,,
306,12/01/2018,23,47,93,3.049581467,0,,,,,,
329,13/01/2018,0,40,60,3.104538596,0,,,,,,
204,13/01/2018,1,96,92,3.124901747,0,,,,,,
226,13/01/2018,2,16,9,3.489517933,0,,,,,,
169,13/01/2018,3,29,32,3.25424206,0,,,,,,
0,13/01/2018,4,0,0,3.905732063,0,,,,,,
0,13/01/2018,5,0,0,2.365365329,0,,,,,,
116,13/01/2018,6,160,81,2.451841006,0,,,,,,
207,13/01/2018,7,22,48,3.458244161,0,,,,,,
225,13/01/2018,8,70,61,5.090318188,0,,,,,,
331,13/01/2018,9,64,84,5.438687092,0,,,,,,
477,13/01/2018,10,18,20,6.112614387,0,,,,,,
559,13/01/2018,11,166,85,7.530343398,0,,,,,,
647,13/01/2018,12,18,16,7.2614659,0,,,,,,
658,13/01/2018,13,17,18,8.24475336,0,,,,,,
532,13/01/2018,14,7,95,7.068132619,0,,,,,,
568,13/01/2018,15,44,45,6.531862224,0,,,,,,
630,13/01/2018,16,129,86,4.960025494,0,,,,,,
704,13/01/2018,17,84,70,4.227722753,0,,,,,,
544,13/01/2018,18,66,49,3.632282256,0,,,,,,
510,13/01/2018,19,16,18,3.759995983,0,,,,,,
586,13/01/2018,20,93,84,2.534575495,0,,,,,,
457,13/01/2018,21,92,91,3.331388862,0,,,,,,
416,13/01/2018,22,114,79,2.284202371,0,,,,,,
472,13/01/2018,23,61,52,2.638877881,0,,,,,,
366,14/01/2018,0,30,30,3.005171571,18.72437264,,,,,,
208,14/01/2018,1,58,69,1.593952465,0,,,,,,
234,14/01/2018,2,89,70,2.38913997,0,,,,,,
173,14/01/2018,3,5,39,2.122699512,0,,,,,,
0,14/01/2018,4,0,0,3.108283543,15.44061876,,,,,,
0,14/01/2018,5,0,0,3.470572354,0,,,,,,
113,14/01/2018,6,19,47,3.402314979,0,,,,,,
235,14/01/2018,7,60,93,3.20889221,0,,,,,,
215,14/01/2018,8,7,29,4.645039865,0,,,,,,
303,14/01/2018,9,17,11,7.378807898,0,,,,,,
433,14/01/2018,10,35,63,6.395601104,0,,,,,,
586,14/01/2018,11,24,94,6.555215364,0,,,,,,
684,14/01/2018,12,13,82,7.077443335,0,,,,,,
773,14/01/2018,13,18,60,6.399578634,5.327283532,,,,,,
585,14/01/2018,14,77,90,7.132395563,0,,,,,,
583,14/01/2018,15,4,38,5.544804113,13.53975529,,,,,,
645,14/01/2018,16,91,55,5.779524901,0,,,,,,
603,14/01/2018,17,84,67,4.167847367,0,,,,,,
581,14/01/2018,18,27,21,2.790729133,0,,,,,,
513,14/01/2018,19,46,25,4.221270815,0,,,,,,
551,14/01/2018,20,39,95,3.19453659,0,,,,,,
433,14/01/2018,21,7,49,2.331749491,0,,,,,,
405,14/01/2018,22,103,57,3.169317108,0,,,,,,
462,14/01/2018,23,1,20,1.865736469,0,,,,,,
201,15/01/2018,0,55,34,1.27334608,0,,,,,,
108,15/01/2018,1,42,63,1.70580727,0,,,,,,
114,15/01/2018,2,61,96,2.842666038,0,,,,,,
51,15/01/2018,3,24,14,3.451780549,0,,,,,,
0,15/01/2018,4,0,0,3.124570589,0,,,,,,
0,15/01/2018,5,0,0,3.190519166,0,,,,,,
205,15/01/2018,6,149,97,2.954451929,0,,,,,,
668,15/01/2018,7,54,28,4.990304524,0,,,,,,
937,15/01/2018,8,140,96,5.337220174,0,,,,,,
858,15/01/2018,9,77,39,7.043832726,0,,,,,,
629,15/01/2018,10,161,90,7.328441148,0,,,,,,
676,15/01/2018,11,7,59,7.334195796,0,,,,,,
795,15/01/2018,12,33,26,6.687750745,0,,,,,,
593,15/01/2018,13,39,43,6.896620257,0,,,,,,
453,15/01/2018,14,59,74,6.428371811,0,,,,,,
444,15/01/2018,15,154,100,6.005411269,0,,,,,,
533,15/01/2018,16,16,10,6.222698974,0,,,,,,
960,15/01/2018,17,99,95,3.794080003,0,,,,,,
848,15/01/2018,18,101,80,2.575644848,0,,,,,,
611,15/01/2018,19,6,4,2.384414052,0,,,,,,
507,15/01/2018,20,26,34,3.049301119,0,,,,,,
409,15/01/2018,21,17,78,3.156258902,0,,,,,,
415,15/01/2018,22,13,95,3.09387702,0,,,,,,
315,15/01/2018,23,22,27,2.910554455,0,,,,,,
216,16/01/2018,0,87,81,1.749951681,0,,,,,,
105,16/01/2018,1,22,62,2.636022051,0,,,,,,
108,16/01/2018,2,25,34,1.985303637,0,,,,,,
64,16/01/2018,3,11,16,2.702430603,6.643341511,,,,,,
0,16/01/2018,4,0,0,2.670431838,0,,,,,,
0,16/01/2018,5,0,0,3.993238495,9.940354518,,,,,,
240,16/01/2018,6,28,37,4.350768946,13.22285872,,,,,,
616,16/01/2018,7,20,76,3.534578155,0,,,,,,
957,16/01/2018,8,54,28,6.041339017,0,,,,,,
899,16/01/2018,9,44,38,6.404812661,0,,,,,,
605,16/01/2018,10,45,60,7.175335821,0,,,,,,
648,16/01/2018,11,69,58,7.165223622,0,,,,,,
793,16/01/2018,12,60,75,8.64278914,0,,,,,,
567,16/01/2018,13,26,31,7.524362393,0,,,,,,
473,16/01/2018,14,52,36,8.066117432,0,,,,,,
478,16/01/2018,15,121,94,5.610307135,15.79382871,,,,,,
568,16/01/2018,16,134,96,6.15270529,0,,,,,,
956,16/01/2018,17,6,18,3.946245159,0,,,,,,
843,16/01/2018,18,62,51,4.144202502,0,,,,,,
710,16/01/2018,19,66,75,3.072525196,0,,,,,,
533,16/01/2018,20,60,66,3.46213068,0,,,,,,
445,16/01/2018,21,14,83,3.504814517,0,,,,,,
478,16/01/2018,22,152,93,2.017202431,0,,,,,,
323,16/01/2018,23,45,27,2.809936642,0,,,,,,
230,17/01/2018,0,31,97,1.703868466,5.417708331,,,,,,
115,17/01/2018,1,1,1,2.471064693,0,,,,,,
109,17/01/2018,2,3,50,3.548173132,0,,,,,,
59,17/01/2018,3,1,3,3.245737816,0,,,,,,
0,17/01/2018,4,0,0,4.178650035,2.047761371,,,,,,
0,17/01/2018,5,0,0,4.380830899,0,,,,,,
211,17/01/2018,6,0,0,2.95095465,0,,,,,,
754,17/01/2018,7,136,69,4.073844561,6.863402395,,,,,,
1077,17/01/2018,8,67,67,5.556202665,0,,,,,,
880,17/01/2018,9,68,62,6.797160373,0,,,,,,
640,17/01/2018,10,53,49,6.387577905,0,,,,,,
692,17/01/2018,11,43,36,6.594302348,0,,,,,,
793,17/01/2018,12,82,96,8.5446893,0,,,,,,
622,17/01/2018,13,16,8,7.090759763,4.803049214,,,,,,
443,17/01/2018,14,59,65,6.231373368,0,,,,,,
449,17/01/2018,15,6,10,7.252858686,0,,,,,,
594,17/01/2018,16,33,41,4.756894483,0,,,,,,
1027,17/01/2018,17,12,41,4.462630359,0,,,,,,
851,17/01/2018,18,12,20,3.049647031,0,,,,,,
723,17/01/2018,19,1,2,4.347589534,17.54150734,,,,,,
554,17/01/2018,20,65,75,3.300279119,0,,,,,,
440,17/01/2018,21,21,67,2.458402326,0,,,,,,
480,17/01/2018,22,11,7,3.721433646,8.900149798,,,,,,
393,17/01/2018,23,63,62,2.212150603,14.83291193,,,,,,
217,18/01/2018,0,84,51,3.237364656,0,,,,,,
104,18/01/2018,1,33,18,3.199069715,0,,,,,,
106,18/01/2018,2,44,64,2.516937626,0,,,,,,
54,18/01/2018,3,36,60,2.815341694,0,,,,,,
0,18/01/2018,4,0,0,2.983291387,0,,,,,,
0,18/01/2018,5,0,0,3.984783577,0,,,,,,
228,18/01/2018,6,11,13,4.328997087,0,,,,,,
630,18/01/2018,7,151,76,3.247593304,0,,,,,,
1040,18/01/2018,8,34,91,5.067817965,0,,,,,,
901,18/01/2018,9,22,52,6.984016554,0,,,,,,
693,18/01/2018,10,95,49,7.775995629,0,,,,,,
629,18/01/2018,11,121,67,8.354511632,0,,,,,,
803,18/01/2018,12,39,66,7.157098656,0,,,,,,
579,18/01/2018,13,10,14,7.797816161,0,,,,,,
416,18/01/2018,14,182,91,6.207801582,0,,,,,,
433,18/01/2018,15,24,16,6.814217702,0,,,,,,
582,18/01/2018,16,17,14,5.4461635,0,,,,,,
958,18/01/2018,17,2,18,3.517333764,0,,,,,,
870,18/01/2018,18,7,59,3.367253231,0,,,,,,
648,18/01/2018,19,7,43,2.643117682,0,,,,,,
575,18/01/2018,20,62,42,3.695632224,0,,,,,,
460,18/01/2018,21,0,0,2.639754784,0,,,,,,
430,18/01/2018,22,14,17,3.293866785,0,,,,,,
302,18/01/2018,23,70,46,2.91774372,0,,,,,,
-246,19/01/2018,0,71,85,1.851324583,3.71980632,,,,,,
-119,19/01/2018,1,46,76,1.990147686,10.73933836,,,,,,
-133,19/01/2018,2,79,57,2.181371082,1.208935401,,,,,,
-60,19/01/2018,3,10,18,3.247671493,0,,,,,,
0,19/01/2018,4,0,0,3.194150287,0,,,,,,
0,19/01/2018,5,0,0,4.045907067,0,,,,,,
-276,19/01/2018,6,52,77,3.928336426,9.258356471,,,,,,
-692,19/01/2018,7,123,76,3.257574242,9.20216651,,,,,,
-1030,19/01/2018,8,2,5,5.861754786,18.12285387,,,,,,
-899,19/01/2018,9,160,90,6.953540819,0,,,,,,
-686,19/01/2018,10,1,20,6.892467574,0,,,,,,
-721,19/01/2018,11,13,55,8.261242598,11.18691854,,,,,,
-830,19/01/2018,12,69,96,8.15407969,0,,,,,,
-584,19/01/2018,13,11,35,8.199607735,0,,,,,,
-462,19/01/2018,14,58,56,7.807536356,0,,,,,,
-441,19/01/2018,15,114,97,6.170340007,0,,,,,,
-557,19/01/2018,16,0,0,5.442859003,0,,,,,,
-971,19/01/2018,17,21,47,4.621660131,0,,,,,,
-930,19/01/2018,18,10,33,2.978574418,0,,,,,,
-713,19/01/2018,19,2,31,4.297074191,0,,,,,,
-539,19/01/2018,20,27,48,3.409145461,0,,,,,,
-468,19/01/2018,21,7,7,2.56635439,3.9502137,,,,,,
-412,19/01/2018,22,23,22,2.302368614,0,,,,,,
-339,19/01/2018,23,16,11,1.764075264,0,,,,,,
356,20/01/2018,0,186,99,3.019869887,0,,,,,,
235,20/01/2018,1,13,58,2.442809512,0,,,,,,
214,20/01/2018,2,153,91,3.493859106,0,,,,,,
175,20/01/2018,3,27,62,2.268614486,0,,,,,,
0,20/01/2018,4,0,0,3.263474446,0,,,,,,
0,20/01/2018,5,0,0,4.524984945,0,,,,,,
115,20/01/2018,6,34,43,4.015761116,0,,,,,,
202,20/01/2018,7,154,88,5.014076025,0,,,,,,
209,20/01/2018,8,45,79,5.654805669,0,,,,,,
328,20/01/2018,9,62,66,6.534506054,0,,,,,,
474,20/01/2018,10,60,41,7.609235372,0,,,,,,
534,20/01/2018,11,41,88,7.81953754,0,,,,,,
706,20/01/2018,12,189,97,7.502163006,0,,,,,,
665,20/01/2018,13,46,26,8.294256182,0,,,,,,
562,20/01/2018,14,14,46,8.085203141,0,,,,,,
593,20/01/2018,15,107,73,6.576689427,0,,,,,,
654,20/01/2018,16,74,52,6.010848495,0,,,,,,
660,20/01/2018,17,25,94,4.276111018,0,,,,,,
561,20/01/2018,18,127,100,3.117823414,0,,,,,,
563,20/01/2018,19,55,66,3.112030353,0,,,,,,
594,20/01/2018,20,3,78,3.602796061,0,,,,,,
421,20/01/2018,21,54,77,2.992118003,0,,,,,,
435,20/01/2018,22,0,3,2.384279501,0,,,,,,
457,20/01/2018,23,31,93,1.848498818,0,,,,,,
344,21/01/2018,0,17,32,2.703128709,0,,,,,,
212,21/01/2018,1,79,43,2.401820467,0,,,,,,
220,21/01/2018,2,92,58,2.208848474,0,,,,,,
159,21/01/2018,3,46,43,2.928024335,0,,,,,,
0,21/01/2018,4,0,0,2.697538474,0,,,,,,
0,21/01/2018,5,0,0,2.623820934,0,,,,,,
107,21/01/2018,6,97,52,4.563037756,0,,,,,,
238,21/01/2018,7,10,64,5.083176477,0,,,,,,
210,21/01/2018,8,87,72,5.164128196,0,,,,,,
347,21/01/2018,9,18,14,6.335913149,0,,,,,,
420,21/01/2018,10,25,26,6.917987105,0,,,,,,
596,21/01/2018,11,114,70,6.926540877,0,,,,,,
633,21/01/2018,12,55,65,8.899731153,0,,,,,,
697,21/01/2018,13,85,82,6.834328935,0,,,,,,
564,21/01/2018,14,75,51,6.813210249,0,,,,,,
550,21/01/2018,15,49,31,6.532549423,0,,,,,,
613,21/01/2018,16,63,43,4.706387695,0,,,,,,
614,21/01/2018,17,NA,57,4.088984266,0,,,,,,
587,21/01/2018,18,59,45,3.58382504,0,,,,,,
529,21/01/2018,19,82,71,3.5202026,0,,,,,,
569,21/01/2018,20,7,39,2.834861899,0,,,,,,
467,21/01/2018,21,47,51,2.778448071,0,,,,,,
468,21/01/2018,22,59,80,3.193387106,0,,,,,,
435,21/01/2018,23,5,46,3.444216632,0,,,,,,
274,22/01/2018,0,74,55,3.341855303,5.834870137,,,,,,
109,22/01/2018,1,164,98,3.283575287,0,,,,,,
102,22/01/2018,2,26,30,3.082542383,0,,,,,,
54,22/01/2018,3,63,57,3.514527471,0,,,,,,
0,22/01/2018,4,0,0,3.022566359,0,,,,,,
0,22/01/2018,5,0,0,3.356599581,19.51211251,,,,,,
224,22/01/2018,6,95,52,3.402129958,0,,,,,,
637,22/01/2018,7,108,70,4.556410577,0,,,,,,
1039,22/01/2018,8,28,21,6.255592665,14.36253172,,,,,,
836,22/01/2018,9,58,83,6.592194586,3.444044665,,,,,,
632,22/01/2018,10,28,31,6.436183489,1.451082111,,,,,,
625,22/01/2018,11,8,12,6.964953114,0,,,,,,
718,22/01/2018,12,24,13,7.319417022,0,,,,,,
585,22/01/2018,13,118,79,7.574318067,0,,,,,,
440,22/01/2018,14,20,33,6.489800812,15.43634292,,,,,,
460,22/01/2018,15,69,69,6.182644962,0,,,,,,
593,22/01/2018,16,8,26,6.403383604,0,,,,,,
946,22/01/2018,17,19,20,4.303672249,0,,,,,,
853,22/01/2018,18,2,9,4.070177818,3.964896582,,,,,,
697,22/01/2018,19,23,16,2.776384629,0,,,,,,
595,22/01/2018,20,80,63,2.601707892,0,,,,,,
445,22/01/2018,21,22,86,2.67596094,13.6325863,,,,,,
432,22/01/2018,22,33,55,3.980464148,0,,,,,,
313,22/01/2018,23,69,86,2.230831801,0,,,,,,
214,23/01/2018,0,20,99,1.841816084,0,,,,,,
120,23/01/2018,1,46,75,2.110872004,0,,,,,,
116,23/01/2018,2,13,36,3.451353768,0,,,,,,
57,23/01/2018,3,97,70,3.093568168,15.11218034,,,,,,
0,23/01/2018,4,0,0,2.906404955,0,,,,,,
0,23/01/2018,5,0,0,4.412023828,0,,,,,,
228,23/01/2018,6,23,63,4.108069148,0,,,,,,
641,23/01/2018,7,24,57,4.083331256,0,,,,,,
1179,23/01/2018,8,18,11,5.261966719,9.743630344,,,,,,
900,23/01/2018,9,2,3,6.804727937,15.61704955,,,,,,
650,23/01/2018,10,26,98,8.1358018,0,,,,,,
647,23/01/2018,11,1,5,8.10950196,0,,,,,,
814,23/01/2018,12,39,94,7.388867744,5.587516995,,,,,,
571,23/01/2018,13,49,39,6.879124758,0,,,,,,
469,23/01/2018,14,34,97,8.025252414,2.67147185,,,,,,
437,23/01/2018,15,2,20,6.972281092,1.366064203,,,,,,
579,23/01/2018,16,6,6,6.560279812,0,,,,,,
1006,23/01/2018,17,21,48,4.874460893,0,,,,,,
920,23/01/2018,18,91,79,3.004506038,0,,,,,,
674,23/01/2018,19,81,52,3.125461178,0,,,,,,
570,23/01/2018,20,94,69,3.714753908,0,,,,,,
517,23/01/2018,21,84,63,2.370142968,7.594440043,,,,,,
445,23/01/2018,22,21,11,3.254068313,18.41270001,,,,,,
327,23/01/2018,23,18,14,2.837667917,16.34126919,,,,,,
226,24/01/2018,0,41,99,3.196716125,0,,,,,,
109,24/01/2018,1,5,11,2.195999041,0,,,,,,
124,24/01/2018,2,87,99,3.332074875,4.781712268,,,,,,
56,24/01/2018,3,44,31,2.518288433,0,,,,,,
0,24/01/2018,4,0,0,2.907951013,6.948192194,,,,,,
0,24/01/2018,5,0,0,3.377486,0,,,,,,
265,24/01/2018,6,43,54,3.217961947,11.248112,,,,,,
705,24/01/2018,7,103,74,4.974670894,0,,,,,,
1080,24/01/2018,8,102,61,4.764010468,0,,,,,,
935,24/01/2018,9,21,55,6.952864255,0,,,,,,
735,24/01/2018,10,27,20,6.996582671,5.633296708,,,,,,
742,24/01/2018,11,22,34,7.147149073,19.4908457,,,,,,
785,24/01/2018,12,24,14,8.578165724,9.54930431,,,,,,
586,24/01/2018,13,151,86,7.575636145,0,,,,,,
450,24/01/2018,14,23,23,6.842614249,0,,,,,,
471,24/01/2018,15,35,43,5.931443989,9.366239282,,,,,,
572,24/01/2018,16,129,91,4.724132951,14.81068416,,,,,,
1166,24/01/2018,17,183,93,5.091681062,12.28849335,,,,,,
861,24/01/2018,18,9,6,3.709548406,0,,,,,,
629,24/01/2018,19,17,18,4.398488966,0,,,,,,
560,24/01/2018,20,95,59,3.549765679,0,,,,,,
407,24/01/2018,21,12,10,3.352452432,0,,,,,,
444,24/01/2018,22,61,78,2.840527361,0,,,,,,
304,24/01/2018,23,178,97,2.292921226,0,,,,,,
219,25/01/2018,0,146,92,1.778461713,0,,,,,,
103,25/01/2018,1,16,20,3.949140933,0,,,,,,
112,25/01/2018,2,32,21,2.779093476,0,,,,,,
54,25/01/2018,3,2,14,4.197888182,0,,,,,,
0,25/01/2018,4,0,0,3.730430738,0,,,,,,
0,25/01/2018,5,0,0,3.219733684,0,,,,,,
209,25/01/2018,6,92,53,3.580378955,0,,,,,,
683,25/01/2018,7,102,88,4.08820581,0,,,,,,
1049,25/01/2018,8,46,24,5.513066297,O,,,,,,
887,25/01/2018,9,57,58,6.556710165,0,,,,,,
678,25/01/2018,10,20,44,8.356119268,0,,,,,,
717,25/01/2018,11,8,18,7.456325356,0,,,,,,
800,25/01/2018,12,0,0,9.008975589,0,,,,,,
546,25/01/2018,13,49,34,7.647214281,0,,,,,,
432,25/01/2018,14,28,24,8.482711116,0,,,,,,
469,25/01/2018,15,27,76,6.732765713,0,,,,,,
512,25/01/2018,16,112,82,5.94947965,0,,,,,,
998,25/01/2018,17,30,88,3.75797926,0,,,,,,
945,25/01/2018,18,78,50,3.46181445,0,,,,,,
697,25/01/2018,19,14,12,4.699154097,0,,,,,,
564,25/01/2018,20,147,90,4.288568718,0,,,,,,
435,25/01/2018,21,81,98,3.106898374,0,,,,,,
469,25/01/2018,22,2,29,2.72893823,0,,,,,,
313,25/01/2018,23,20,22,3.457083507,0,,,,,,
213,26/01/2018,0,34,18,1.933844126,0,,,,,,
100,26/01/2018,1,131,75,3.938226598,0,,,,,,
118,26/01/2018,2,13,14,2.522829039,0,,,,,,
51,26/01/2018,3,92,63,2.330695727,0,,,,,,
0,26/01/2018,4,0,0,3.944956465,19.96657952,,,,,,
0,26/01/2018,5,0,0,4.186315884,17.41975209,,,,,,
221,26/01/2018,6,50,61,4.53688145,0,,,,,,
651,26/01/2018,7,68,40,4.99684828,12.08804027,,,,,,
1078,26/01/2018,8,3,25,5.979843568,3.798359796,,,,,,
901,26/01/2018,9,50,86,6.322246071,0,,,,,,
678,26/01/2018,10,23,31,8.128018977,3.572850809,,,,,,
712,26/01/2018,11,26,17,8.718594136,0,,,,,,
824,26/01/2018,12,8,35,8.815830937,9.690090797,,,,,,
619,26/01/2018,13,41,45,7.900045508,1.672640429,,,,,,
401,26/01/2018,14,21,85,8.139096478,0,,,,,,
426,26/01/2018,15,6,90,7.079173324,0,,,,,,
597,26/01/2018,16,42,57,5.126752714,0,,,,,,
964,26/01/2018,17,152,80,4.738855925,0,,,,,,
1062,26/01/2018,18,83,77,3.34777942,17.24175139,,,,,,
801,26/01/2018,19,24,71,3.943528493,12.21281113,,,,,,
590,26/01/2018,20,82,95,3.456434013,15.09589324,,,,,,
429,26/01/2018,21,2,40,4.063570547,0,,,,,,
420,26/01/2018,22,9,14,3.939269517,0,,,,,,
321,26/01/2018,23,42,22,3.831045966,0,,,,,,
328,27/01/2018,0,119,69,2.782490159,0,,,,,,
214,27/01/2018,1,25,52,3.930756799,0,,,,,,
233,27/01/2018,2,48,39,2.27438212,0,,,,,,
165,27/01/2018,3,1,40,4.186131148,0,,,,,,
0,27/01/2018,4,0,0,3.332212237,0,,,,,,
0,27/01/2018,5,0,0,3.272103352,0,,,,,,
105,27/01/2018,6,11,56,4.440907647,0,,,,,,
218,27/01/2018,7,16,53,5.179930648,0,,,,,,
235,27/01/2018,8,45,23,4.962786518,0,,,,,,
348,27/01/2018,9,44,85,7.90037395,0,,,,,,
444,27/01/2018,10,9,72,7.961961624,0,,,,,,
574,27/01/2018,11,127,67,8.678242805,0,,,,,,
645,27/01/2018,12,175,96,8.388743992,0,,,,,,
607,27/01/2018,13,50,35,7.280620966,0,,,,,,
503,27/01/2018,14,15,8,6.642404503,0,,,,,,
517,27/01/2018,15,96,77,7.47742124,0,,,,,,
700,27/01/2018,16,122,75,6.555857458,0,,,,,,
642,27/01/2018,17,20,59,5.15251355,0,,,,,,
561,27/01/2018,18,47,40,4.312354152,0,,,,,,
500,27/01/2018,19,40,71,4.705709806,0,,,,,,
545,27/01/2018,20,12,29,3.282793706,0,,,,,,
402,27/01/2018,21,45,23,3.686571509,0,,,,,,
437,27/01/2018,22,28,16,4.021940426,0,,,,,,
414,27/01/2018,23,99,79,2.817461372,0,,,,,,
325,28/01/2018,0,99,62,2.238919732,0,,,,,,
224,28/01/2018,1,49,42,2.802146221,0,,,,,,
222,28/01/2018,2,41,53,3.749080632,0,,,,,,
172,28/01/2018,3,1,17,4.121685707,0,,,,,,
0,28/01/2018,4,0,0,4.461353211,0,,,,,,
0,28/01/2018,5,0,0,3.469811451,0,,,,,,
115,28/01/2018,6,46,26,3.558878083,0,,,,,,
240,28/01/2018,7,89,50,4.858522369,0,,,,,,
233,28/01/2018,8,30,37,5.34146108,0,,,,,,
318,28/01/2018,9,10,75,7.638475354,0,,,,,,
472,28/01/2018,10,5,9,7.74082E+14,0,,,,,,
564,28/01/2018,11,82,76,7.376400414,0,,,,,,
653,28/01/2018,12,100,52,8.827748395,0,,,,,,
640,28/01/2018,13,2,6,7.537194166,0,,,,,,
526,28/01/2018,14,9,20,6.658902338,0,,,,,,
598,28/01/2018,15,24,98,7.405570378,0,,,,,,
659,28/01/2018,16,16,93,6.229535827,0,,,,,,
671,28/01/2018,17,58,60,5.236500891,0,,,,,,
565,28/01/2018,18,0,81,3.071448292,0,,,,,,
599,28/01/2018,19,127,75,4.298414879,0,,,,,,
581,28/01/2018,20,57,58,4.564429121,0,,,,,,
446,28/01/2018,21,126,72,3.065004383,0,,,,,,
455,28/01/2018,22,16,48,3.423708453,0,,,,,,
475,28/01/2018,23,105,72,4.120462575,0,,,,,,
232,29/01/2028,0,3,18,2.355441482,0,,,,,,
112,29/01/2028,1,89,99,4.012783914,0,,,,,,
115,29/01/2028,2,6,7,3.96236471,0,,,,,,
56,29/01/2028,3,0,8,4.331187043,0,,,,,,
0,29/01/2028,4,0,0,4.027268064,0,,,,,,
0,29/01/2028,5,0,0,3.706823359,0,,,,,,
232,29/01/2028,6,32,39,4.599229132,0,,,,,,
698,29/01/2028,7,55,29,4.997657731,0,,,,,,
925,29/01/2028,8,130,68,5.028978163,0,,,,,,
861,29/01/2028,9,17,48,6.513234247,0,,,,,,
676,29/01/2028,10,35,56,7.388826998,0,,,,,,
707,29/01/2028,11,36,58,7.95324938,0,,,,,,
731,29/01/2028,12,73,73,8.395010652,0,,,,,,
526,29/01/2028,13,43,35,8.818367505,0,,,,,,
433,29/01/2028,14,11,32,7.453640017,0,,,,,,
411,29/01/2028,15,20,11,6.937714845,0,,,,,,
530,29/01/2028,16,0,0,4.941640055,0,,,,,,
913,29/01/2028,17,40,71,5.498241394,0,,,,,,
869,29/01/2028,18,60,44,3.49097894,0,,,,,,
697,29/01/2028,19,18,29,4.735570267,0,,,,,,
542,29/01/2028,20,41,46,3.476657951,0,,,,,,
468,29/01/2028,21,13,7,3.487741453,0,,,,,,
447,29/01/2028,22,39,88,2.884518325,0,,,,,,
305,29/01/2028,23,28,23,3.525366414,0,,,,,,
212,30/01/2018,0,50,51,3.726745854,0,,,,,,
101,30/01/2018,1,83,50,3.801889185,0,,,,,,
103,30/01/2018,2,2,1,2.696156967,0,,,,,,
51,30/01/2018,3,9,77,2.51887425,0,,,,,,
0,30/01/2018,4,0,0,3.900219298,0,,,,,,
0,30/01/2018,5,0,0,4.725661375,0,,,,,,
211,30/01/2018,6,34,55,3.703873392,0,,,,,,
704,30/01/2018,7,34,58,5.119561372,0,,,,,,
965,30/01/2018,8,6,19,4.988460453,0,,,,,,
821,30/01/2018,9,109,82,7.965361286,0,,,,,,
633,30/01/2018,10,8,14,7.140626273,0,,,,,,
675,30/01/2018,11,133,91,7.379794003,0,,,,,,
828,30/01/2018,12,27,74,8.766629674,0,,,,,,
582,30/01/2018,13,60,43,7.390598665,0,,,,,,
453,30/01/2018,14,8,16,7.454807102,0,,,,,,
431,30/01/2018,15,106,54,6.386958142,0,,,,,,
530,30/01/2018,16,25,94,5.357413321,0,,,,,,
965,30/01/2018,17,23,17,3.97485262,0,,,,,,
858,30/01/2018,18,39,83,4.843258886,0,,,,,,
642,30/01/2018,19,13,29,4.963305758,0,,,,,,
549,30/01/2018,20,0,16,4.73014535,0,,,,,,
413,30/01/2018,21,22,88,4.314005883,0,,,,,,
469,30/01/2018,22,19,28,3.86431453,0,,,,,,
324,30/01/2018,23,16,37,3.438637507,0,,,,,,
217,31/01/2018,0,0,85,2.610459456,0,,,,,,
107,31/01/2018,1,26,48,4.118530282,0,,,,,,
112,31/01/2018,2,31,45,2.511786704,0,,,,,,
52,31/01/2018,3,16,14,3.797220292,0,,,,,,
0,31/01/2018,4,0,0,4.771821632,0,,,,,,
0,31/01/2018,5,0,0,4.080058478,0,,,,,,
227,31/01/2018,6,7,4,4.09087472,0,,,,,,
639,31/01/2018,7,44,32,5.748080468,0,,,,,,
938,31/01/2018,8,64,81,5.427059184,0,,,,,,
851,31/01/2018,9,35,82,7.221667112,0,,,,,,
717,31/01/2018,10,78,77,8.558559518,0,,,,,,
649,31/01/2018,11,47,95,8.120911981,0,,,,,,
797,31/01/2018,12,29,76,8.230968214,0,,,,,,
532,31/01/2018,13,80,59,8.185956918,0,,,,,,
452,31/01/2018,14,64,48,8.589724893,0,,,,,,
471,31/01/2018,15,3,5,6.585761281,0,,,,,,
517,31/01/2018,16,116,75,6.112508466,0,,,,,,
1014,31/01/2018,17,7,9,5.76439497,0,,,,,,
833,31/01/2018,18,66,35,4.156078649,0,,,,,,
704,31/01/2018,19,131,83,4.33268912,0,,,,,,
542,31/01/2018,20,107,56,4.301919659,0,,,,,,
426,31/01/2018,21,56,43,2.947599994,0,,,,,,
473,31/01/2018,22,31,16,3.119086316,0,,,,,,
303,31/01/2018,23,71,54,2.660675873,0,,,,,,
226,01/02/2018,0,37,33,3.470660156,0,,,,,,
109,01/02/2018,I,94,81,4.110551722,0,,,,,,
126,01/02/2018,2,56,76,2.878515873,11.56591125,,,,,,
57,01/02/2018,3,0,5,3.383185569,2.081257608,,,,,,
0,01/02/2018,4,0,0,3.588604351,0,,,,,,
0,01/02/2018,5,0,0,3.608812122,0,,,,,,
231,01/02/2018,6,61,75,4.196862769,0,,,,,,
613,01/02/2018,7,32,51,4.560792107,0,,,,,,
1115,01/02/2018,8,1,1,5.360000878,11.68237951,,,,,,
1040,01/02/2018,9,0,1,7.595664768,7.983384622,,,,,,
655,01/02/2018,10,10,10,8.469674958,0,,,,,,
706,01/02/2018,11,56,40,7.637230721,0,,,,,,
778,01/02/2018,12,16,73,7.603303787,0,,,,,,
642,01/02/2018,13,36,51,8.762880657,17.63703668,,,,,,
431,01/02/2018,14,87,49,7.911319484,0,,,,,,
422,01/02/2018,15,198,99,7.742478021,0,,,,,,
568,01/02/2018,16,9,11,5.853485204,0,,,,,,
1006,01/02/2018,17,16,54,5.534243681,11.6992598,,,,,,
916,01/02/2018,18,2,4,4.282236955,0,,,,,,
703,01/02/2018,19,9,39,4.79424816,0,,,,,,
625,01/02/2018,20,101,53,3.028836157,4.883303791,,,,,,
469,01/02/2018,21,4,42,3.388205602,0,,,,,,
469,01/02/2018,22,49,80,3.375917167,0,,,,,,
343,01/02/2018,23,140,90,3.677304743,0,,,,,,
205,02/02/2018,0,115,69,3.780422497,0,,,,,,
120,02/02/2018,1,65,43,3.267021887,0,,,,,,
116,02/02/2018,2,105,94,3.456236475,0,,,,,,
52,02/02/2018,3,52,32,3.591401264,0,,,,,,
0,02/02/2018,4,0,0,3.605987145,0,,,,,,
0,02/02/2018,5,0,0,4.189454752,0,,,,,,
213,02/02/2018,6,1,47,4.380490528,0,,,,,,
682,02/02/2018,7,37,70,4.703090272,0,,,,,,
988,02/02/2018,8,16,91,5.646321689,0,,,,,,
834,02/02/2018,9,85,65,7.805510104,0,,,,,,
672,02/02/2018,10,50,47,7.133365363,0,,,,,,
709,02/02/2018,11,7,17,7.475924282,0,,,,,,
707,02/02/2018,12,34,44,7.796198227,0,,,,,,
531,02/02/2018,13,19,47,8.244156417,0,,,,,,
465,02/02/2018,14,40,36,8.412540103,0,,,,,,
429,02/02/2018,15,88,63,7.577017315,0,,,,,,
564,02/02/2018,16,34,53,5.310237587,0,,,,,,
914,02/02/2018,17,133,84,4.523602194,0,,,,,,
823,02/02/2018,18,28,56,4.987785323,0,,,,,,
641,02/02/2018,19,8,82,5.041421818,0,,,,,,
562,02/02/2018,20,7,12,4.894269955,0,,,,,,
445,02/02/2018,21,84,87,3.667822167,0,,,,,,
464,02/02/2018,22,6,3,2.784336911,0,,,,,,
332,02/02/2018,23,65,37,2.635159598,0,,,,,,
325,03/02/2018,0,135,83,2.588015011,0,,,,,,
215,03/02/2018,1,37,77,3.09218326,0,,,,,,
204,03/02/2018,2,9,59,2.614717635,0,,,,,,
170,03/02/2018,3,152,85,3.525710236,0,,,,,,
0,03/02/2018,4,0,0,4.112815766,0,,,,,,
0,03/02/2018,5,0,0,3.384237319,0,,,,,,
106,03/02/2018,6,7,54,4.899408804,0,,,,,,
226,03/02/2018,7,5,41,4.515995065,0,,,,,,
212,03/02/2018,8,61,49,6.852019342,0,,,,,,
334,03/02/2018,9,46,25,7.858101283,0,,,,,,
450,03/02/2018,10,61,84,8.687882439,0,,,,,,
566,03/02/2018,11,6,9,8.105098305,0,,,,,,
673,03/02/2018,12,22,32,8.979626617,0,,,,,,
630,03/02/2018,13,43,40,8.637293329,0,,,,,,
595,03/02/2018,14,12,19,7.731580426,0,,,,,,
512,03/02/2018,15,1,4,7.596503575,0,,,,,,
612,03/02/2018,16,48,50,5.448615985,0,,,,,,
655,03/02/2018,17,36,25,4.485772727,0,,,,,,
522,03/02/2018,18,84,78,3.724341177,0,,,,,,
531,03/02/2018,19,3,33,5.085419379,0,,,,,,
559,03/02/2018,20,42,47,3.283423847,0,,,,,,
469,03/02/2018,21,38,54,3.906740766,0,,,,,,
467,03/02/2018,22,2,9,3.594903659,0,,,,,,
417,03/02/2018,23,86,97,2.760194065,0,,,,,,
364,04/02/2018,0,108,56,2.500877298,0.087833635,,,,,,
212,04/02/2018,1,59,49,4.096324563,0,,,,,,
234,04/02/2018,2,43,42,4.115602621,0,,,,,,
158,04/02/2018,3,6,9,4.314318362,0,,,,,,
0,04/02/2018,4,0,0,3.528371819,13.69614514,,,,,,
0,04/02/2018,5,0,0,3.610664322,18.14185749,,,,,,
107,04/02/2018,6,5,78,4.907382601,0,,,,,,
238,04/02/2018,7,19,79,5.50357245,7.550584423,,,,,,
219,04/02/2018,8,6,17,5.365075738,0,,,,,,
354,04/02/2018,9,27,28,6.510762858,0,,,,,,
531,04/02/2018,10,12,11,8.087433516,4.961704286,,,,,,
662,04/02/2018,11,3,13,8.67937113,11.57791354,,,,,,
652,04/02/2018,12,150,77,7.990457327,0,,,,,,
696,04/02/2018,13,147,95,8.99344173,0,,,,,,
637,04/02/2018,14,0,5,8.776523728,18.4650207,,,,,,
599,04/02/2018,15,50,62,6.803326417,15.83270159,,,,,,
650,04/02/2018,16,41,56,6.243283633,0,,,,,,
693,04/02/2018,17,2,1,4.433136055,1.760764693,,,,,,
573,04/02/2018,18,25,43,4.189457023,0,,,,,,
636,04/02/2018,19,1,23,3.717485342,17.72605455,,,,,,
506,04/02/2018,20,13,33,4.420728761,0,,,,,,
462,04/02/2018,21,27,35,2.929840405,0,,,,,,
472,04/02/2018,22,55,55,2.83507069,19.13157454,,,,,,
477,04/02/2018,23,125,66,4.077300941,0,,,,,,
234,05/02/2018,0,51,27,2.982008023,0,,,,,,
104,05/02/2018,1,81,75,2.536912454,0,,,,,,
110,05/02/2018,2,135,82,2.835878681,0,,,,,,
52,05/02/2018,3,122,100,3.600330163,0,,,,,,
0,05/02/2018,4,0,0,3.265235828,0,,,,,,
0,05/02/2018,5,0,0,4.707183618,0,,,,,,
227,05/02/2018,6,8,11,4.439410851,0,,,,,,
604,05/02/2018,7,14,53,5.696485648,0,,,,,,
962,05/02/2018,8,65,54,5.95406538,0,,,,,,
951,05/02/2018,9,99,68,7.202231828,0,,,,,,
624,05/02/2018,10,8,100,7.941902481,0,,,,,,
688,05/02/2018,11,16,9,7.399567886,0,,,,,,
755,05/02/2018,12,57,50,8.918680148,0,,,,,,
503,05/02/2018,13,31,21,7.42981235,0,,,,,,
426,05/02/2018,14,6,19,8.566693237,0,,,,,,
474,05/02/2018,15,1,16,8.080597618,0,,,,,,
569,05/02/2018,16,23,61,6.132335069,0,,,,,,
1047,05/02/2018,17,8,30,4.298181953,0,,,,,,
859,05/02/2018,18,11,22,3.978894007,0,,,,,,
617,05/02/2018,19,57,88,3.395681287,0,,,,,,
577,05/02/2018,20,36,46,3.823097919,0,,,,,,
429,05/02/2018,21,13,15,3.764232927,0,,,,,,
418,05/02/2018,22,87,46,2.703621421,0,,,,,,
338,05/02/2018,23,105,74,3.732012718,0,,,,,,
213,06/02/2018,0,35,34,3.364003959,0,,,,,,
112,06/02/2018,1,85,53,3.550351943,0,,,,,,
112,06/02/2018,2,30,35,3.98957376,0,,,,,,
56,06/02/2018,3,36,22,2.946929922,0,,,,,,
0,06/02/2018,4,0,0,3.669439838,0,,,,,,
0,06/02/2018,5,0,0,5.169293852,0,,,,,,
204,06/02/2018,6,7,9,4.065371521,0,,,,,,
711,06/02/2018,7,44,59,5.328332604,0,,,,,,
925,06/02/2018,8,13,87,5.457365525,0,,,,,,
907,06/02/2018,9,3,23,7.956530829,0,,,,,,
674,06/02/2018,10,5,7,8.194806414,0,,,,,,
617,06/02/2018,11,75,82,9.307814098,0,,,,,,
778,06/02/2018,12,4,2,9.623737002,0,,,,,,
500,06/02/2018,13,34,42,9.282487208,0,,,,,,
446,06/02/2018,14,35,26,7.576758992,0,,,,,,
414,06/02/2018,15,46,96,8.222459925,0,,,,,,
575,06/02/2018,16,16,76,5.692233745,0,,,,,,
1027,06/02/2018,17,52,51,5.946007474,0,,,,,,
893,06/02/2018,18,80,91,4.809672378,0,,,,,,
695,06/02/2018,19,107,92,4.53885856,0,,,,,,
555,06/02/2018,20,65,84,3.999969678,0,,,,,,
461,06/02/2018,21,50,48,4.248580581,0,,,,,,
467,06/02/2018,22,48,48,2.902197176,0,,,,,,
315,06/02/2018,23,12,10,2.557653177,0,,,,,,
220,07/02/2018,0,21,41,2.582671342,0,,,,,,
109,07/02/2018,1,122,63,2.983370343,0,,,,,,
105,07/02/2018,2,0,2,4.412933042,0,,,,,,
58,07/02/2018,3,48,24,3.069415131,0,,,,,,
0,07/02/2018,4,0,0,4.926709764,0,,,,,,
0,07/02/2018,5,0,0,4.37035593,0,,,,,,
232,07/02/2018,6,166,94,3.457823022,0,,,,,,
652,07/02/2018,7,4,7,4.906994878,0,,,,,,
1016,07/02/2018,8,39,45,5.826740089,0,,,,,,
865,07/02/2018,9,12,24,8.358312768,0,,,,,,
711,07/02/2018,10,64,39,8.326245014,0,,,,,,
701,07/02/2018,11,9,71,8.836995981,0,,,,,,
744,07/02/2018,12,11,64,9.39347544,0,,,,,,
571,07/02/2018,13,134,81,8.206903478,0,,,,,,
469,07/02/2018,14,27,76,7.66231779,0,,,,,,
475,07/02/2018,15,17,19,7.549438457,0,,,,,,
586,07/02/2018,16,30,25,5.279772219,0,,,,,,
906,07/02/2018,17,17,12,5.972747992,0,,,,,,
938,07/02/2018,18,60,49,4.361660151,0,,,,,,
691,07/02/2018,19,42,54,4.912776965,0,,,,,,
527,07/02/2018,20,169,98,3.871657292,0,,,,,,
402,07/02/2018,21,31,93,3.932510153,0,,,,,,
408,07/02/2018,22,2,5,4.205398153,0,,,,,,
338,07/02/2018,23,141,83,3.704501512,0,,,,,,
207,08/02/2018,0,6,13,2.849751812,0,,,,,,
108,08/02/2018,1,122,73,4.098679748,0,,,,,,
106,08/02/2018,2,20,12,3.405469601,0,,,,,,
57,08/02/2018,3,85,53,3.432754765,0,,,,,,
0,08/02/2018,4,0,0,3.248701133,0,,,,,,
0,08/02/2018,5,0,0,3.610394168,0,,,,,,
221,08/02/2018,6,1,49,3.970388588,0,,,,,,
655,08/02/2018,7,116,69,6.044115187,0,,,,,,
1047,08/02/2018,8,17,17,6.145438958,0,,,,,,
833,08/02/2018,9,7,23,7.26803533,0,,,,,,
700,08/02/2018,10,70,42,8.730270986,0,,,,,,
643,08/02/2018,11,59,65,7.487914158,0,,,,,,
828,08/02/2018,12,5,4,9.557372085,0,,,,,,
521,08/02/2018,13,77,65,7.468463012,0,,,,,,
452,08/02/2018,14,41,67,8.365302404,0,,,,,,
475,08/02/2018,15,48,32,7.43732156,0,,,,,,
565,08/02/2018,16,13,81,6.900323459,0,,,,,,
985,08/02/2018,17,31,27,4.345580549,0,,,,,,
863,08/02/2018,18,80,51,5.297049569,0,,,,,,
657,08/02/2018,19,51,37,5.298885173,0,,,,,,
598,08/02/2018,20,140,88,3.332922851,0,,,,,,
470,08/02/2018,21,55,52,3.200070646,0,,,,,,
421,08/02/2018,22,39,61,4.147592171,0,,,,,,
301,08/02/2018,23,55,58,2.671314313,0,,,,,,
210,09/02/2018,0,151,89,2.395566051,0,,,,,,
102,09/02/2018,1,96,55,3.049513367,0,,,,,,
117,09/02/2018,2,4,7,3.534203614,0,,,,,,
51,09/02/2018,3,42,37,3.793192401,0,,,,,,
0,09/02/2018,4,0,0,4.612115777,0,,,,,,
0,09/02/2018,5,0,0,4.317554849,0,,,,,,
213,09/02/2018,6,143,72,3.805274941,0,,,,,,
656,09/02/2018,7,26,15,4.337361072,0,,,,,,
1023,09/02/2018,8,1,1,6.215532069,0,,,,,,
940,09/02/2018,9,98,100,7.110351917,0,,,,,,
665,09/02/2018,10,133,73,9.132821629,0,,,,,,
683,09/02/2018,11,18,45,8.554713793,0,,,,,,
726,09/02/2018,12,107,93,9.317082523,0,,,,,,
525,09/02/2018,13,10,48,8.054600877,0,,,,,,
431,09/02/2018,14,1,1,8.573455737,0,,,,,,
433,09/02/2018,15,38,72,6.727439299,0,,,,,,
542,09/02/2018,16,40,62,6.179297699,0,,,,,,
967,09/02/2018,17,44,37,5.80996924,0,,,,,,
806,09/02/2018,18,52,36,4.071497724,0,,,,,,
694,09/02/2018,19,65,58,3.582258395,0,,,,,,
530,09/02/2018,20,29,24,3.835715875,0,,,,,,
408,09/02/2018,21,6,9,4.444389827,0,,,,,,
413,09/02/2018,22,2,65,3.868616793,0,,,,,,
345,09/02/2018,23,65,50,3.140732486,0,,,,,,
305,10/02/2018,0,108,76,3.498208766,0,,,,,,
203,10/02/2018,1,78,70,3.947930649,0,,,,,,
228,10/02/2018,2,33,37,2.875344182,0,,,,,,
168,10/02/2018,3,30,31,3.881654921,0,,,,,,
0,10/02/2018,4,0,0,3.613035083,0,,,,,,
0,10/02/2018,5,0,0,4.046228853,0,,,,,,
119,10/02/2018,6,11,19,3.910047207,0,,,,,,
207,10/02/2018,7,32,75,4.531768905,0,,,,,,
228,10/02/2018,8,86,98,5.8393921,0,,,,,,
325,10/02/2018,9,145,82,6.887249503,0,,,,,,
448,10/02/2018,10,36,59,7.964763643,0,,,,,,
518,10/02/2018,11,51,61,9.146468437,0,,,,,,
674,10/02/2018,12,36,68,9.241757353,0,,,,,,
658,10/02/2018,13,20,18,7.845907858,0,,,,,,
501,10/02/2018,14,19,15,9.101499632,0,,,,,,
513,10/02/2018,15,66,69,8.10700761,0,,,,,,
647,10/02/2018,16,16,9,6.712634393,0,,,,,,
607,10/02/2018,17,11,84,4.82879027,0,,,,,,
589,10/02/2018,18,144,87,4.655056761,0,,,,,,
591,10/02/2018,19,154,78,4.609121213,0,,,,,,
500,10/02/2018,20,168,94,5.246240697,0,,,,,,
412,10/02/2018,21,50,70,3.752673655,0,,,,,,
464,10/02/2018,22,85,90,4.112098003,0,,,,,,
422,10/02/2018,23,36,46,4.622622185,0,,,,,,
345,11/02/2018,0,4,56,2.718998398,0,,,,,,
237,11/02/2018,1,102,59,4.392288773,0,,,,,,
215,11/02/2018,2,90,69,3.360534957,0,,,,,,
165,11/02/2018,3,58,76,4.654100371,0,,,,,,
0,11/02/2018,4,0,0,3.476308915,0,,,,,,
0,11/02/2018,5,0,0,5.331359768,0,,,,,,
118,11/02/2018,6,35,93,4.263808989,0,,,,,,
234,11/02/2018,7,93,71,4.93872713,0,,,,,,
239,11/02/2018,8,6,85,5.538621032,0,,,,,,
317,11/02/2018,9,84,70,8.502637694,0,,,,,,
438,11/02/2018,10,149,75,7.918836606,0,,,,,,
558,11/02/2018,11,65,35,7.995659377,0,,,,,,
677,11/02/2018,12,139,94,9.263674436,0,,,,,,
605,11/02/2018,13,142,94,8.323099409,0,,,,,,
563,11/02/2018,14,12,18,9.043238564,0,,,,,,
541,11/02/2018,15,2,17,7.231226637,0,,,,,,
636,11/02/2018,16,14,32,6.244957419,0,,,,,,
706,11/02/2018,17,125,70,6.104902316,0,,,,,,
592,11/02/2018,18,65,70,5.170253382,0,,,,,,
541,11/02/2018,19,29,22,3.705414469,0,,,,,,
545,11/02/2018,20,100,54,4.51416387,0,,,,,,
459,11/02/2018,21,15,38,4.409623448,0,,,,,,
469,11/02/2018,22,186,99,3.36333894,0,,,,,,
430,11/02/2018,23,6,21,3.7407883,0,,,,,,
208,12/02/2018,0,98,56,3.108137142,0,,,,,,
113,12/02/2018,1,33,64,4.561030688,0,,,,,,
120,12/02/2018,2,121,81,4.487826292,0,,,,,,
54,12/02/2018,3,99,53,4.175324592,0,,,,,,
0,12/02/2018,4,0,0,4.28820415,0,,,,,,
0,12/02/2018,5,0,0,5.356333042,14.26712142,,,,,,
254,12/02/2018,6,67,78,5.673889645,4.996042456,,,,,,
651,12/02/2018,7,2,8,4.456484048,0,,,,,,
1000,12/02/2018,8,52,28,5.51717608,0,,,,,,
925,12/02/2018,9,13,37,6.786640979,14.42785662,,,,,,
618,12/02/2018,10,8,46,7.943858005,0,,,,,,
686,12/02/2018,11,124,69,8.913461094,0,,,,,,
825,12/02/2018,12,35,85,9.575940249,0,,,,,,
618,12/02/2018,13,15,34,9.456541659,5.280861364,,,,,,
425,12/02/2018,14,5,9,8.953781173,0,,,,,,
412,12/02/2018,15,46,30,7.121746297,0,,,,,,
517,12/02/2018,16,13,8,6.290776449,0,,,,,,
1003,12/02/2018,17,44,40,5.489413104,0,,,,,,
1072,12/02/2018,18,27,27,3.888631445,13.68165926,,,,,,
638,12/02/2018,19,131,95,3.931308212,0,,,,,,
591,12/02/2018,20,113,59,4.669946973,0,,,,,,
401,12/02/2018,21,5,27,3.812465515,0,,,,,,
418,12/02/2018,22,39,21,3.483953074,0,,,,,,
328,12/02/2018,23,17,15,3.027651605,0,,,,,,
210,13/02/2018,0,151,88,3.669026136,0,,,,,,
107,13/02/2018,1,35,22,4.470226648,17.91589245,,,,,,
127,13/02/2018,2,4,3,3.04504356,6.031629725,,,,,,
53,13/02/2018,3,21,72,3.897765352,5.158547487,,,,,,
0,13/02/2018,4,0,0,4.774588955,0,,,,,,
0,13/02/2018,5,0,0,4.918075628,0,,,,,,
204,13/02/2018,6,2,50,5.072717426,0,,,,,,
601,13/02/2018,7,110,95,5.825972998,0,,,,,,
990,13/02/2018,8,13,10,6.087993051,16.26424747,,,,,,
956,13/02/2018,9,35,22,7.293000196,15.28834599,,,,,,
707,13/02/2018,10,34,46,9.012999076,0,,,,,,
711,13/02/2018,11,NA,13,9.29385628,0,,,,,,
780,13/02/2018,12,26,37,8.361782833,0,,,,,,
584,13/02/2018,13,0,27,7.733993155,5.145807186,,,,,,
476,13/02/2018,14,13,7,7.388994309,0,,,,,,
403,13/02/2018,15,115,73,7.796721428,0,,,,,,
543,13/02/2018,16,99,100,7.149881535,0,,,,,,
1066,13/02/2018,17,23,34,5.672270524,0,,,,,,
931,13/02/2018,18,114,64,4.345929996,0,,,,,,
745,13/02/2018,19,145,77,4.100050452,15.51531311,,,,,,
552,13/02/2018,20,48,60,5.441061457,0,,,,,,
472,13/02/2018,21,133,100,4.296066728,0,,,,,,
423,13/02/2018,22,70,78,4.0206586,0,,,,,,
345,13/02/2018,23,4,3,3.433364573,8.319234834,,,,,,
203,14/02/2018,0,78,77,3.031594036,0,,,,,,
116,14/02/2018,1,23,44,4.842112577,0,,,,,,
116,14/02/2018,2,2,2,4.523109675,0,,,,,,
52,14/02/2018,3,64,99,3.466770548,0,,,,,,
0,14/02/2018,4,0,0,3.468053557,0,,,,,,
0,14/02/2018,5,0,0,4.168750896,0,,,,,,
209,14/02/2018,6,15,99,5.208536975,0,,,,,,
616,14/02/2018,7,30,22,5.733933097,0,,,,,,
991,14/02/2018,8,11,18,5.838923237,0,,,,,,
850,14/02/2018,9,21,17,7.612200258,0,,,,,,
676,14/02/2018,10,16,27,8.943744576,0,,,,,,
703,14/02/2018,11,2,14,7.913881962,0,,,,,,
702,14/02/2018,12,94,79,8.683021658,0,,,,,,
560,14/02/2018,13,43,39,9.194361875,0,,,,,,
455,14/02/2018,14,1,6,7.856673453,0,,,,,,
454,14/02/2018,15,4,34,8.739327698,0,,,,,,
516,14/02/2018,16,95,81,5.698493912,0,,,,,,
1002,14/02/2018,17,72,56,4.420434908,0,,,,,,
826,14/02/2018,18,0,8,4.507122627,0,,,,,,
677,14/02/2018,19,21,44,4.014080945,0,,,,,,
524,14/02/2018,20,68,71,5.469819768,0,,,,,,
404,14/02/2018,21,29,95,4.538954719,0,,,,,,
449,14/02/2018,22,24,29,3.160299202,0,,,,,,
335,14/02/2018,23,33,17,3.241634078,0,,,,,,
230,15/02/2018,0,65,83,4.370682166,0,,,,,,
105,15/02/2018,1,62,69,4.765949301,0,,,,,,
103,15/02/2018,2,59,42,3.715844404,0,,,,,,
52,15/02/2018,3,145,94,4.045122965,0,,,,,,
0,15/02/2018,4,0,0,5.192774885,0,,,,,,
0,15/02/2018,5,0,0,4.414298829,8.147582782,,,,,,
236,15/02/2018,6,26,61,4.739007552,0.784886389,,,,,,
661,15/02/2018,7,176,94,5.795808849,0,,,,,,
946,15/02/2018,8,8,5,5.837388169,0,,,,,,
850,15/02/2018,9,119,79,8.364732888,0,,,,,,
690,15/02/2018,10,75,84,8.690775943,6.876573353,,,,,,
670,15/02/2018,11,49,45,8.705404397,12.25118384,,,,,,
818,15/02/2018,12,7,32,8.43481732,0,,,,,,
501,15/02/2018,13,57,55,8.070657542,0,,,,,,
419,15/02/2018,14,55,75,8.894248426,0,,,,,,
456,15/02/2018,15,53,82,7.815508581,0,,,,,,
661,15/02/2018,16,39,73,6.561536262,13.70992541,,,,,,
908,15/02/2018,17,24,43,5.694207337,0,,,,,,
971,15/02/2018,18,17,13,4.956960027,13.94336781,,,,,,
650,15/02/2018,19,8,34,3.98992834,0,,,,,,
524,15/02/2018,20,70,38,3.916237813,0,,,,,,
468,15/02/2018,21,19,27,4.330286797,8.326548028,,,,,,
405,15/02/2018,22,33,18,5.066742999,0,,,,,,
335,15/02/2018,23,150,87,4.380452565,0,,,,,,
222,16/02/2018,0,137,79,3.126191481,0,,,,,,
106,16/02/2018,1,29,16,3.887572464,0,,,,,,
100,16/02/2018,2,19,87,4.360847982,0,,,,,,
60,16/02/2018,3,96,49,4.27121828,0,,,,,,
0,16/02/2018,4,0,0,5.370641518,0,,,,,,
0,16/02/2018,5,0,0,4.872371535,9.151284166,,,,,,
219,16/02/2018,6,31,28,4.481240948,0,,,,,,
624,16/02/2018,7,61,92,5.982707421,7.277135422,,,,,,
1142,16/02/2018,8,118,65,7.410902379,7.241864109,,,,,,
807,16/02/2018,9,3,68,7.898929777,0,,,,,,
698,16/02/2018,10,15,55,8.649977895,0,,,,,,
635,16/02/2018,11,28,53,8.553024079,0,,,,,,
780,16/02/2018,12,79,63,9.338741427,0,,,,,,
551,16/02/2018,13,9,15,8.222099251,15.90924239,,,,,,
448,16/02/2018,14,9,15,7.908190385,0,,,,,,
510,16/02/2018,15,15,39,8.275273249,18.01391219,,,,,,
501,16/02/2018,16,62,53,5.875250968,0,,,,,,
953,16/02/2018,17,98,87,5.517510203,0,,,,,,
956,16/02/2018,18,100,55,5.447584222,16.48031513,,,,,,
736,16/02/2018,19,142,75,4.976534101,1.828966312,,,,,,
561,16/02/2018,20,50,32,3.95337063,0,,,,,,
425,16/02/2018,21,19,48,5.052563258,0,,,,,,
505,16/02/2018,22,4,98,4.900685241,3.092651373,,,,,,
333,16/02/2018,23,12,16,4.098373607,0,,,,,,
326,17/02/2018,0,174,100,3.369452509,0,,,,,,
214,17/02/2018,1,173,90,3.87147349,0,,,,,,
229,17/02/2018,2,2,3,4.227452029,0,,,,,,
172,17/02/2018,3,26,34,4.17727818,0,,,,,,
0,17/02/2018,4,0,0,5.487999714,15.18957513,,,,,,
0,17/02/2018,5,0,0,5.400146376,0,,,,,,
122,17/02/2018,6,2,2,4.044756175,11.24315638,,,,,,
215,17/02/2018,7,1,17,5.093191918,0,,,,,,
223,17/02/2018,8,121,70,6.795577711,0,,,,,,
326,17/02/2018,9,24,27,6.980046282,0,,,,,,
439,17/02/2018,10,8,35,9.437893725,0,,,,,,
526,17/02/2018,11,37,25,8.126609096,0,,,,,,
759,17/02/2018,12,162,93,9.165780391,13.53647966,,,,,,
655,17/02/2018,13,18,24,8.497527793,0,,,,,,
552,17/02/2018,14,20,76,9.487653419,0,,,,,,
667,17/02/2018,15,72,77,8.654660511,2.515632178,,,,,,
720,17/02/2018,16,119,82,6.655673585,19.39196424,,,,,,
650,17/02/2018,17,6,12,6.217435197,1.214785007,,,,,,
590,17/02/2018,18,164,83,5.344550146,0,,,,,,
576,17/02/2018,19,89,48,5.015551088,15.86397982,,,,,,
527,17/02/2018,20,86,58,3.961921181,0,,,,,,
446,17/02/2018,21,53,100,3.518698841,0,,,,,,
457,17/02/2018,22,1,1,3.648415137,0,,,,,,
484,17/02/2018,23,84,88,3.361890479,7.955451836,,,,,,
310,18/02/2018,0,74,54,3.122218173,0,,,,,,
226,18/02/2018,1,25,26,3.749994981,0,,,,,,
238,18/02/2018,2,60,62,3.813231717,0,,,,,,
167,18/02/2018,3,40,85,3.447543606,0,,,,,,
0,18/02/2018,4,0,0,3.968399588,0,,,,,,
0,18/02/2018,5,0,0,4.132938364,0,,,,,,
103,18/02/2018,6,68,47,4.541531387,0,,,,,,
217,18/02/2018,7,48,31,4.621903861,0,,,,,,
222,18/02/2018,8,121,68,5.996054083,0,,,,,,
317,18/02/2018,9,67,89,7.806798117,0,,,,,,
469,18/02/2018,10,24,12,7.914937161,0,,,,,,
580,18/02/2018,11,15,40,7.914626164,0,,,,,,
699,18/02/2018,12,60,95,8.202903306,0,,,,,,
660,18/02/2018,13,18,36,7.870066287,0,,,,,,
506,18/02/2018,14,39,55,8.922673867,0,,,,,,
593,18/02/2018,15,16,21,8.809382253,0,,,,,,
698,18/02/2018,16,23,80,6.468101334,0,,,,,,
695,18/02/2018,17,129,72,6.475474225,0,,,,,,
592,18/02/2018,18,143,84,5.24184009,0,,,,,,
561,18/02/2018,19,13,21,4.435284181,0,,,,,,
586,18/02/2018,20,60,80,4.639638688,0,,,,,,
442,18/02/2018,21,91,55,3.876800235,0,,,,,,
449,18/02/2018,22,29,84,4.532159822,0,,,,,,
475,18/02/2018,23,54,43,4.184512522,0,,,,,,
231,19/02/2018,0,31,43,3.431613966,0,,,,,,
104,19/02/2018,1,9,15,4.084752587,0,,,,,,
109,19/02/2018,2,102,1000,4.205851594,0,,,,,,
52,19/02/2018,3,1,50,4.880374713,0,,,,,,
0,19/02/2018,4,0,0,5.333760164,0,,,,,,
0,19/02/2018,5,0,0,4.398967151,0,,,,,,
208,19/02/2018,6,152,90,5.839342615,0,,,,,,
701,19/02/2018,7,71,46,5.460725516,0,,,,,,
994,19/02/2018,8,58,38,7.115552358,0,,,,,,
804,19/02/2018,9,25,62,8.954328971,0,,,,,,
720,19/02/2018,10,125,99,7.646849477,0,,,,,,
680,19/02/2018,11,33,55,8.893656373,0,,,,,,
826,19/02/2018,12,9,71,8.628105335,0,,,,,,
549,19/02/2018,13,7,25,8.584288765,0,,,,,,
407,19/02/2018,14,27,32,8.399287341,0,,,,,,
410,19/02/2018,15,36,21,7.9518413,0,,,,,,
559,19/02/2018,16,136,97,7.195737378,0,,,,,,
978,19/02/2018,17,24,92,4.947224311,0,,,,,,
930,19/02/2018,18,65,100,4.727388132,0,,,,,,
676,19/02/2018,19,0,1,5.48215136,0,,,,,,
502,19/02/2018,20,83,97,4.10126277,0,,,,,,
430,19/02/2018,21,23,41,4.136769469,0,,,,,,
434,19/02/2018,22,4,6,3.650920212,0,,,,,,
312,19/02/2018,23,4,2,4.185824234,0,,,,,,
237,20/02/2018,0,76,67,3.52993326,0,,,,,,
101,20/02/2018,1,27,27,4.326541998,0,,,,,,
108,20/02/2018,2,2,5,4.678874041,0,,,,,,
54,20/02/2018,3,180,97,5.320685222,0,,,,,,
0,20/02/2018,4,0,0,5.585918536,0,,,,,,
0,20/02/2018,5,0,0,5.863079084,0,,,,,,
230,20/02/2018,6,11,33,5.243104011,0,,,,,,
617,20/02/2018,7,10,56,5.668685837,0,,,,,,
1017,20/02/2018,8,1,2,6.238721889,0,,,,,,
832,20/02/2018,9,51,69,7.829656242,0,,,,,,
600,20/02/2018,10,58,45,9.515951671,0,,,,,,
680,20/02/2018,11,8,44,9.307297401,0,,,,,,
761,20/02/2018,12,0,0,9.384898127,0,,,,,,
532,20/02/2018,13,4,68,9.742071736,0,,,,,,
445,20/02/2018,14,23,50,9.410189415,0,,,,,,
437,20/02/2018,15,66,70,7.465308695,0,,,,,,
556,20/02/2018,16,48,60,7.096190953,0,,,,,,
916,20/02/2018,17,47,62,5.541569331,0,,,,,,
845,20/02/2018,18,49,42,4.794637761,0,,,,,,
602,20/02/2018,19,21,14,5.301879271,0,,,,,,
596,20/02/2018,20,20,10,5.676068812,0,,,,,,
473,20/02/2018,21,2,2,4.250694106,0,,,,,,
462,20/02/2018,22,55,49,4.833574525,0,,,,,,
308,20/02/2018,23,6,18,4.165239208,0,,,,,,
234,21/02/2018,0,33,19,3.515176603,0,,,,,,
122,21/02/2018,1,24,58,4.522938127,3.335052848,,,,,,
110,21/02/2018,2,20,40,5.310084657,0,,,,,,
66,21/02/2018,3,46,52,4.162407197,9.968253176,,,,,,
0,21/02/2018,4,0,0,4.570082421,0,,,,,,
0,21/02/2018,5,0,0,4.8939653,0,,,,,,
205,21/02/2018,6,1,7,5.327547587,0,,,,,,
728,21/02/2018,7,35,21,5.448096274,17.26932888,,,,,,
1013,21/02/2018,8,1,100,7.454973762,0,,,,,,
911,21/02/2018,9,0,12,8.782566921,16.20777191,,,,,,
607,21/02/2018,10,38,37,8.188901534,0,,,,,,
619,21/02/2018,11,109,67,8.111729902,2.185629037,,,,,,
744,21/02/2018,12,69,85,9.318462108,0,,,,,,
520,21/02/2018,13,1,42,9.04263999,0,,,,,,
460,21/02/2018,14,57,57,9.346598891,10.15072614,,,,,,
473,21/02/2018,15,95,53,8.730291264,0,,,,,,
592,21/02/2018,16,102,85,6.525330418,13.93190041,,,,,,
1076,21/02/2018,17,9,43,5.153397003,0,,,,,,
988,21/02/2018,18,43,100,5.448632241,3.297979478,,,,,,
766,21/02/2018,19,128,66,4.747294186,5.434697115,,,,,,
503,21/02/2018,20,38,71,5.356013718,0,,,,,,
444,21/02/2018,21,43,47,4.969501048,0,,,,,,
407,21/02/2018,22,76,78,4.751060487,0,,,,,,
347,21/02/2018,23,25,63,3.890014088,0,,,,,,
205,22/02/2018,0,20,62,3.355788526,0,,,,,,
103,22/02/2018,1,44,95,4.205101332,0,,,,,,
102,22/02/2018,2,144,75,4.565724054,0,,,,,,
59,22/02/2018,3,6,84,5.067066512,0,,,,,,
0,22/02/2018,4,0,0,4.219886714,0,,,,,,
0,22/02/2018,5,0,0,4.432312619,0,,,,,,
232,22/02/2018,6,112,62,5.049304082,0,,,,,,
645,22/02/2018,7,28,34,5.924445478,0,,,,,,
982,22/02/2018,8,17,97,7.904238795,0,,,,,,
802,22/02/2018,9,69,49,8.970343266,0,,,,,,
620,22/02/2018,10,154,90,8.391338366,0,,,,,,
648,22/02/2018,11,83,78,9.729088581,0,,,,,,
784,22/02/2018,12,89,59,8.76343634,0,,,,,,
590,22/02/2018,13,53,39,9.329062357,0,,,,,,
413,22/02/2018,14,10,7,9.510683223,0,,,,,,
466,22/02/2018,15,52,89,7.3670564,0,,,,,,
543,22/02/2018,16,11,9,6.680111386,0,,,,,,
1003,22/02/2018,17,14,8,6.14238939,0,,,,,,
847,22/02/2018,18,66,85,4.671654322,0,,,,,,
613,22/02/2018,19,24,94,4.947508596,0,,,,,,
599,22/02/2018,20,1,72,5.752936626,0,,,,,,
450,22/02/2018,21,7,60,3.918224833,0,,,,,,
470,22/02/2018,22,140,79,5.025028706,0,,,,,,
336,22/02/2018,23,57,89,3.294050848,0,,,,,,
225,23/02/2018,0,116,73,4.481662965,0,,,,,,
117,23/02/2018,1,10,7,4.182340661,0,,,,,,
112,23/02/2018,2,13,39,4.874492756,0,,,,,,
60,23/02/2018,3,12,9,4.658116846,0,,,,,,
0,23/02/2018,4,0,0,4.118708674,0,,,,,,
0,23/02/2018,5,0,0,5.196321926,0,,,,,,
210,23/02/2018,6,31,71,4.588266418,0,,,,,,
663,23/02/2018,7,9,15,5.427625677,0,,,,,,
1011,23/02/2018,8,46,69,7.635397209,0,,,,,,
930,23/02/2018,9,1,1,8.195355464,0,,,,,,
718,23/02/2018,10,116,90,9.426394642,0,,,,,,
707,23/02/2018,11,31,22,8.548357511,0,,,,,,
755,23/02/2018,12,3,80,9.907881873,0,,,,,,
569,23/02/2018,13,117,78,8.375100897,0,,,,,,
405,23/02/2018,14,65,39,9.334072504,0,,,,,,
423,23/02/2018,15,132,87,8.589343407,0,,,,,,
599,23/02/2018,16,58,30,7.010752189,0,,,,,,
1017,23/02/2018,17,103,98,4.808578417,0,,,,,,
906,23/02/2018,18,58,55,4.41000314,0,,,,,,
717,23/02/2018,19,14,29,5.202772166,0,,,,,,
550,23/02/2018,20,9,27,3.91104895,0,,,,,,
464,23/02/2018,21,41,54,4.796041646,0,,,,,,
421,23/02/2018,22,110,58,4.28649716,0,,,,,,
334,23/02/2018,23,65,42,3.365195253,0,,,,,,
333,24/02/2018,0,12,25,4.088734217,0,,,,,,
202,24/02/2018,1,2,12,3.726249457,0,,,,,,
247,24/02/2018,2,8,86,5.253846188,8.24714127,,,,,,
160,24/02/2018,3,88,96,5.266810511,0,,,,,,
0,24/02/2018,4,0,0,4.544301344,18.69573692,,,,,,
0,24/02/2018,5,0,0,4.834995745,0,,,,,,
128,24/02/2018,6,86,68,5.671169688,16.14962228,,,,,,
250,24/02/2018,7,106,91,5.066432136,2.158256444,,,,,,
237,24/02/2018,8,29,20,6.069624302,13.02525719,,,,,,
328,24/02/2018,9,16,10,8.969429466,0,,,,,,
440,24/02/2018,10,4,61,8.076775314,0,,,,,,
590,24/02/2018,11,73,89,9.714313261,0,,,,,,
612,24/02/2018,12,31,50,9.766060412,0,,,,,,
692,24/02/2018,13,23,14,8.978901875,0,,,,,,
524,24/02/2018,14,82,94,9.428531548,0,,,,,,
596,24/02/2018,15,12,11,8.008601604,7.402016926,,,,,,
681,24/02/2018,16,14,35,6.454062471,0,,,,,,
607,24/02/2018,17,30,41,6.318061074,0,,,,,,
559,24/02/2018,18,68,79,4.588861401,0,,,,,,
588,24/02/2018,19,80,68,5.582719253,0,,,,,,
543,24/02/2018,20,19,21,5.065658764,0,,,,,,
465,24/02/2018,21,2,31,5.419983351,0,,,,,,
477,24/02/2018,22,166,86,4.504541275,0,,,,,,
434,24/02/2018,23,18,14,3.505248318,0,,,,,,
331,25/02/2018,0,55,86,3.812236638,0,,,,,,
224,25/02/2018,1,1,83,3.675284499,0,,,,,,
232,25/02/2018,2,84,91,5.455091214,0,,,,,,
161,25/02/2018,3,2,1,4.065054188,0,,,,,,
0,25/02/2018,4,0,0,4.085384751,0,,,,,,
0,25/02/2018,5,0,0,5.825427848,0,,,,,,
108,25/02/2018,6,163,90,4.925673205,0,,,,,,
213,25/02/2018,7,53,50,6.132300313,0,,,,,,
231,25/02/2018,8,146,87,7.731883806,0,,,,,,
316,25/02/2018,9,8,16,7.416774135,0,,,,,,
441,25/02/2018,10,7,33,9.851236172,0,,,,,,
541,25/02/2018,11,45,82,8.428115274,0,,,,,,
706,25/02/2018,12,12,88,9.910636732,0,,,,,,
677,25/02/2018,13,31,26,10.13000435,0,,,,,,
501,25/02/2018,14,101,59,8.19099092,0,,,,,,
537,25/02/2018,15,20,66,8.824708542,0,,,,,,
697,25/02/2018,16,55,30,6.545984521,0,,,,,,
700,25/02/2018,17,21,58,6.799966999,0,,,,,,
548,25/02/2018,18,41,60,5.065865432,0,,,,,,
535,25/02/2018,19,82,53,4.872660546,0,,,,,,
514,25/02/2018,20,103,58,4.609570896,0,,,,,,
476,25/02/2018,21,16,40,4.660370489,0,,,,,,
463,25/02/2018,22,48,33,3.922833925,0,,,,,,
468,25/02/2018,23,5,6,4.302697538,0,,,,,,
209,26/02/2018,0,59,83,3.245108889,0,,,,,,
119,26/02/2018,1,44,51,4.381928668,0,,,,,,
106,26/02/2018,2,30,53,3.933623759,0,,,,,,
58,26/02/2018,3,23,30,4.088192678,0,,,,,,
0,26/02/2018,4,0,0,4.085804423,0,,,,,,
0,26/02/2018,5,0,0,6.077941306,0,,,,,,
219,26/02/2018,6,80,87,6.258270139,0,,,,,,
708,26/02/2018,7,12,9,6.835468182,0,,,,,,
922,26/02/2018,8,21,29,7.458726944,0,,,,,,
838,26/02/2018,9,93,55,7.702269395,0,,,,,,
645,26/02/2018,10,188,97,9.722203087,0,,,,,,
714,26/02/2018,11,69,57,9.499638715,0,,,,,,
738,26/02/2018,12,15,64,9.899752694,0,,,,,,
582,26/02/2018,13,52,40,9.694131674,0,,,,,,
458,26/02/2018,14,30,31,9.87529183,0,,,,,,
435,26/02/2018,15,110,55,9.156635875,0,,,,,,
593,26/02/2018,16,29,18,8.019462209,0,,,,,,
1007,26/02/2018,17,57,86,6.532766264,0,,,,,,
901,26/02/2018,18,117,67,4.829744402,0,,,,,,
667,26/02/2018,19,66,42,5.97412016,0,,,,,,
502,26/02/2018,20,14,61,5.175297563,0,,,,,,
474,26/02/2018,21,25,91,4.387583767,0,,,,,,
471,26/02/2018,22,98,71,4.518710402,0,,,,,,
329,26/02/2018,23,137,85,4.483135758,0,,,,,,
233,27/02/2018,0,51,39,4.517263743,0,,,,,,
104,27/02/2018,1,61,48,3.978424693,0,,,,,,
113,27/02/2018,2,76,73,3.882255625,0,,,,,,
56,27/02/2018,3,174,88,4.314280487,0,,,,,,
0,27/02/2018,4,0,0,5.308222853,0,,,,,,
0,27/02/2018,5,0,0,5.013888897,0,,,,,,
223,27/02/2018,6,49,53,4.982960418,0,,,,,,
601,27/02/2018,7,11,25,6.470530631,0,,,,,,
1017,27/02/2018,8,1,1,6.20248816,0,,,,,,
821,27/02/2018,9,4,11,8.445135819,0,,,,,,
633,27/02/2018,10,105,76,8.277010779,0,,,,,,
622,27/02/2018,11,98,91,8.602775532,0,,,,,,
807,27/02/2018,12,18,9,9.131013054,0,,,,,,
525,27/02/2018,13,54,57,9.518357801,0,,,,,,
407,27/02/2018,14,4,43,9.551757809,0,,,,,,
445,27/02/2018,15,81,62,8.130716033,0,,,,,,
502,27/02/2018,16,164,91,7.292625189,0,,,,,,
944,27/02/2018,17,20,31,4.99250062,0,,,,,,
885,27/02/2018,18,66,91,5.243503731,0,,,,,,
682,27/02/2018,19,53,41,5.360140588,0,,,,,,
554,27/02/2018,20,6,59,5.627019221,0,,,,,,
410,27/02/2018,21,10,27,4.003600587,0,,,,,,
409,27/02/2018,22,17,37,5.630194491,0,,,,,,
327,27/02/2018,23,1,2,4.162038255,0,,,,,,
227,28/02/2018,0,19,60,4.554743422,0,,,,,,
117,28/02/2018,1,149,96,4.526839443,0,,,,,,
103,28/02/2018,2,60,74,3.988614251,0,,,,,,
51,28/02/2018,3,17,10,4.854035749,0,,,,,,
0,28/02/2018,4,0,0,4.145489345,0,,,,,,
0,28/02/2018,5,0,0,6.172960236,0,,,,,,
213,28/02/2018,6,93,64,6.152327046,0,,,,,,
654,28/02/2018,7,105,83,5.772181577,0,,,,,,
905,28/02/2018,8,60,44,8.053302868,0,,,,,,
817,28/02/2018,9,2,70,8.197119407,0,,,,,,
645,28/02/2018,10,30,33,9.87535176,0,,,,,,
639,28/02/2018,11,66,35,10.14907061,0,,,,,,
826,28/02/2018,12,24,15,9.154094425,0,,,,,,
569,28/02/2018,13,48,30,9.513530947,0,,,,,,
445,28/02/2018,14,2,1,9.118471583,0,,,,,,
409,28/02/2018,15,14,36,8.144368341,0,,,,,,
564,28/02/2018,16,62,42,6.232158131,0,,,,,,
1073,28/02/2018,17,22,59,5.88705945,0,,,,,,
876,28/02/2018,18,1,1,4.541185712,0,,,,,,
609,28/02/2018,19,97,84,5.796262226,0,,,,,,
591,28/02/2018,20,18,54,5.492233615,0,,,,,,
405,28/02/2018,21,127,74,4.168123923,0,,,,,,
469,28/02/2018,22,52,27,4.391127188,0,,,,,,
324,28/02/2018,23,33,53,4.200859554,0,,,,,,
252,01/03/2018,0,7,13,4.206175368,-17.38337156,,,,,,
118,01/03/2018,1,121,100,4.77196968,16.53178067,,,,,,
111,01/03/2018,2,71,70,5.099731747,7.938117501,,,,,,
58,01/03/2018,3,17,55,4.171550917,4.269898039,,,,,,
0,01/03/2018,4,0,0,5.73312828,17.17572414,,,,,,
0,01/03/2018,5,0,0,5.11076649,0,,,,,,
220,01/03/2018,6,11,7,4.705423433,0,,,,,,
716,01/03/2018,7,69,50,5.316793123,0,,,,,,
929,01/03/2018,8,30,67,6.776341209,0,,,,,,
919,01/03/2018,9,17,32,8.106735316,0,,,,,,
681,01/03/2018,10,15,19,9.601216624,0,,,,,,
678,01/03/2018,11,32,80,9.194108378,0,,,,,,
732,01/03/2018,12,23,87,9.059600373,0,,,,,,
626,01/03/2018,13,0,1,9.313369955,8.180728319,,,,,,
408,01/03/2018,14,56,28,8.737483416,0,,,,,,
521,01/03/2018,15,9,7,9.001339219,4.293464009,,,,,,
570,01/03/2018,16,59,58,8.155302618,0,,,,,,
943,01/03/2018,17,47,36,5.637896403,0,,,,,,
954,01/03/2018,18,138,90,4.836763988,0,,,,,,
703,01/03/2018,19,31,86,6.085120904,0,,,,,,
529,01/03/2018,20,51,27,6.136919244,0,,,,,,
461,01/03/2018,21,14,77,4.422645775,0,,,,,,
440,01/03/2018,22,16,31,4.49435225,0,,,,,,
345,01/03/2018,23,0,0,4.937116678,5.576688689,,,,,,
229,02/03/2018,0,23,67,4.04474746,0,,,,,,
101,02/03/2018,1,48,26,4.576134339,0,,,,,,
106,02/03/2018,2,16,19,3.952531447,0,,,,,,
53,02/03/2018,3,51,86,4.831285517,0,,,,,,
0,02/03/2018,4,0,0,5.917055734,0,,,,,,
0,02/03/2018,5,0,0,6.18636012,0,,,,,,
203,02/03/2018,6,52,50,5.111447019,0,,,,,,
673,02/03/2018,7,7,16,6.99429249,0,,,,,,
1046,02/03/2018,8,2,15,7.397800752,0,,,,,,
809,02/03/2018,9,14,92,8.846065514,0,,,,,,
714,02/03/2018,10,78,41,8.843310023,0,,,,,,
691,02/03/2018,11,92,53,9.224577709,0,,,,,,
728,02/03/2018,12,96,100,10.50135701,0,,,,,,
548,02/03/2018,13,51,36,8.908940552,0,,,,,,
411,02/03/2018,14,80,61,9.187063907,0,,,,,,
464,02/03/2018,15,21,80,9.267597583,0,,,,,,
527,02/03/2018,16,1,24,6.82934713,0,,,,,,
965,02/03/2018,17,22,57,5.211781759,0,,,,,,
855,02/03/2018,18,69,68,5.894102403,0,,,,,,
701,02/03/2018,19,33,67,5.47316422,0,,,,,,
590,02/03/2018,20,41,21,5.08043857,0,,,,,,
433,02/03/2018,21,17,32,5.883971957,0,,,,,,
468,02/03/2018,22,134,97,4.25078094,0,,,,,,
359,02/03/2018,23,62,31,5.342479809,0,,,,,,
354,03/03/2018,0,4,3,5.10409739,0,,,,,,
222,03/03/2018,1,14,7,4.460585871,0,,,,,,
202,03/03/2018,2,41,94,4.20427855,0,,,,,,
159,03/03/2018,3,64,76,5.905984018,0,,,,,,
0,03/03/2018,4,0,0,4.535622525,0,,,,,,
0,03/03/2018,5,0,0,4.851754015,0,,,,,,
127,03/03/2018,6,29,27,4.524200336,0.403874758,,,,,,
215,03/03/2018,7,156,79,6.879450846,0,,,,,,
226,03/03/2018,8,31,17,8.238843205,0,,,,,,
340,03/03/2018,9,101,99,7.694798359,7.62908518,,,,,,
456,03/03/2018,10,13,52,8.425799313,0.307994907,,,,,,
560,03/03/2018,11,151,81,9.575080946,0,,,,,,
718,03/03/2018,12,16,18,10.04649697,6.070775767,,,,,,
703,03/03/2018,13,79,41,9.542513371,5.113035388,,,,,,
555,03/03/2018,14,5,51,9.04821402,0,,,,,,
541,03/03/2018,15,51,36,8.632857822,7.873476703,,,,,,
689,03/03/2018,16,61,51,6.677753099,14.86125918,,,,,,
683,03/03/2018,17,31,75,7.103221236,0,,,,,,
514,03/03/2018,18,87,48,5.644885051,0,,,,,,
564,03/03/2018,19,5,26,4.477433843,0,,,,,,
529,03/03/2018,20,9,72,4.578112264,0,,,,,,
466,03/03/2018,21,7,50,4.540155059,0.137671325,,,,,,
418,03/03/2018,22,7,12,4.637396694,0,,,,,,
448,03/03/2018,23,59,63,3.754850029,0.683979915,,,,,,
307,04/03/2018,0,15,56,4.146356891,0,,,,,,
230,04/03/2018,1,126,71,4.737819791,0,,,,,,
224,04/03/2018,2,84,90,4.383114969,0,,,,,,
160,04/03/2018,3,54,90,4.821969036,0,,,,,,
0,04/03/2018,4,0,0,5.357906101,0,,,,,,
0,04/03/2018,5,0,0,5.59396963,0,,,,,,
103,04/03/2018,6,156,86,6.534822281,0,,,,,,
221,04/03/2018,7,105,82,6.488364284,0,,,,,,
218,04/03/2018,8,30,20,7.597237556,0,,,,,,
304,04/03/2018,9,79,100,8.13766527,0,,,,,,
440,04/03/2018,10,108,96,8.395799958,0,,,,,,
546,04/03/2018,11,37,40,10.2376201,0,,,,,,
716,04/03/2018,12,148,94,9.827655047,0,,,,,,
715,04/03/2018,13,102,68,9.377217021,0,,,,,,
557,04/03/2018,14,87,91,8.656481697,0,,,,,,
574,04/03/2018,15,110,82,8.471324206,0,,,,,,
687,04/03/2018,16,2,1,6.838193777,0,,,,,,
633,04/03/2018,17,40,39,6.722433443,0,,,,,,
597,04/03/2018,18,7,11,4.864463514,0,,,,,,
527,04/03/2018,19,29,29,4.756112246,0,,,,,,
552,04/03/2018,20,43,59,4.558597968,0,,,,,,
451,04/03/2018,21,82,43,5.116010824,0,,,,,,
409,04/03/2018,22,23,19,4.594917188,0,,,,,,
433,04/03/2018,23,48,44,4.670486442,0,,,,,,
214,05/03/2018,0,82,82,4.39979532,0,,,,,,
116,05/03/2018,1,6,84,5.565266514,0,,,,,,
118,05/03/2018,2,67,37,5.719578882,0,,,,,,
56,05/03/2018,3,56,55,4.340455221,0,,,,,,
0,05/03/2018,4,0,0,4.490971649,0,,,,,,
0,05/03/2018,5,0,0,6.056894801,0,,,,,,
219,05/03/2018,6,48,47,4.819663347,0,,,,,,
656,05/03/2018,7,28,47,6.932029685,0,,,,,,
1042,05/03/2018,8,7,48,6.457759577,0,,,,,,
837,05/03/2018,9,122,92,8.639978552,0,,,,,,
613,05/03/2018,10,22,27,9.442268106,0,,,,,,
630,05/03/2018,11,12,8,9.243767169,0,,,,,,
758,05/03/2018,12,31,51,9.145565038,0,,,,,,
588,05/03/2018,13,89,67,9.257072568,0,,,,,,
458,05/03/2018,14,49,26,8.301942424,0,,,,,,
431,05/03/2018,15,127,82,7.809333238,0,,,,,,
502,05/03/2018,16,1,15,6.660090483,0,,,,,,
989,05/03/2018,17,166,100,7.178034919,0,,,,,,
942,05/03/2018,18,53,27,6.225343207,0,,,,,,
634,05/03/2018,19,49,59,4.719889936,0,,,,,,
513,05/03/2018,20,10,8,5.317980212,0,,,,,,
446,05/03/2018,21,10,91,5.886548148,0,,,,,,
411,05/03/2018,22,24,85,5.146470942,0,,,,,,
339,05/03/2018,23,44,57,4.02040321,0,,,,,,
200,06/03/2018,0,55,54,3.800963396,0,,,,,,
117,06/03/2018,1,103,89,4.649692195,0,,,,,,
109,06/03/2018,2,133,77,4.358768341,0,,,,,,
57,06/03/2018,3,56,56,5.856111355,0,,,,,,
0,06/03/2018,4,0,0,5.491345331,0,,,,,,
0,06/03/2018,5,0,0,4.656094599,0,,,,,,
249,06/03/2018,6,72,38,5.300564411,9.832835069,,,,,,
634,06/03/2018,7,27,100,7.153570938,0,,,,,,
963,06/03/2018,8,40,21,7.234212894,0,,,,,,
886,06/03/2018,9,0,64,8.030694163,0,,,,,,
632,06/03/2018,10,7,41,8.560744155,0,,,,,,
664,06/03/2018,11,5,99,10.29203555,0,,,,,,
701,06/03/2018,12,129,72,10.80799749,0,,,,,,
523,06/03/2018,13,67,46,10.36065842,0,,,,,,
459,06/03/2018,14,63,42,9.250792318,0,,,,,,
427,06/03/2018,15,30,93,8.209086423,0,,,,,,
575,06/03/2018,16,39,31,8.083284981,0,,,,,,
996,06/03/2018,17,64,57,6.27980551,0,,,,,,
864,06/03/2018,18,41,80,4.925867135,0,,,,,,
659,06/03/2018,19,2,12,5.513132099,0,,,,,,
509,06/03/2018,20,1,1,4.454552939,0,,,,,,
446,06/03/2018,21,69,40,5.282650683,0,,,,,,
426,06/03/2018,22,7,4,5.688990275,0,,,,,,
317,06/03/2018,23,34,89,5.116557774,0,,,,,,
214,07/03/2018,0,13,9,5.20992281,0,,,,,,
117,07/03/2018,1,51,54,4.068848734,0,,,,,,
105,07/03/2018,2,6,5,4.23227632,0,,,,,,
54,07/03/2018,3,82,50,5.50185116,0,,,,,,
0,07/03/2018,4,0,0,5.898728717,0,,,,,,
0,07/03/2018,5,0,0,5.066108792,0,,,,,,
212,07/03/2018,6,47,52,4.998384328,0,,,,,,
667,07/03/2018,7,61,92,7.081004647,0,,,,,,
1007,07/03/2018,8,120,66,7.323065732,0,,,,,,
890,07/03/2018,9,33,40,7.779126901,0,,,,,,
624,07/03/2018,10,24,26,8.424637629,0,,,,,,
603,07/03/2018,11,75,84,10.57048353,0,,,,,,
753,07/03/2018,12,40,62,9.315774206,0,,,,,,
539,07/03/2018,13,6,4,9.890757915,0,,,,,,
465,07/03/2018,14,44,39,9.370462714,0,,,,,,
430,07/03/2018,15,11,64,8.002114214,0,,,,,,
575,07/03/2018,16,21,90,8.043436517,0,,,,,,
1048,07/03/2018,17,95,68,6.519820285,0,,,,,,
884,07/03/2018,18,38,51,5.672594177,0,,,,,,
652,07/03/2018,19,16,26,5.168379688,0,,,,,,
579,07/03/2018,20,22,37,5.135936821,0,,,,,,
464,07/03/2018,21,120,97,4.211490407,0,,,,,,
463,07/03/2018,22,4,3,5.372099196,0,,,,,,
355,07/03/2018,23,12,48,5.447482882,0,,,,,,
206,08/03/2018,0,146,98,3.539445827,0,,,,,,
110,08/03/2018,1,19,20,3.90715864,0,,,,,,
109,08/03/2018,2,2,8,4.584746713,0,,,,,,
53,08/03/2018,3,160,83,4.210852564,0,,,,,,
0,08/03/2018,4,0,0,5.296427778,0,,,,,,
0,08/03/2018,5,0,0,5.697541723,0,,,,,,
217,08/03/2018,6,86,75,4.86969605,0,,,,,,
695,08/03/2018,7,36,45,5.448276383,0,,,,,,
1067,08/03/2018,8,115,64,7.284017174,0,,,,,,
861,08/03/2018,9,15,31,8.647033008,0,,,,,,
713,08/03/2018,10,0,16,9.65283187,0,,,,,,
719,08/03/2018,11,5,91,9.946929493,0,,,,,,
731,08/03/2018,12,89,65,9.76513612,0,,,,,,
512,08/03/2018,13,76,96,9.288763309,0,,,,,,
458,08/03/2018,14,34,21,10.12084318,0,,,,,,
429,08/03/2018,15,158,79,7.789037775,0,,,,,,
502,08/03/2018,16,0,5,6.978198988,0,,,,,,
1020,08/03/2018,17,20,12,6.1077384,0,,,,,,
920,08/03/2018,18,96,62,5.984908776,0,,,,,,
601,08/03/2018,19,132,99,6.577087786,0,,,,,,
581,08/03/2018,20,1,4,5.062242848,0,,,,,,
473,08/03/2018,21,21,51,4.235448527,0,,,,,,
458,08/03/2018,22,0,5,4.09643467,0,,,,,,
349,08/03/2018,23,65,95,5.659890737,0,,,,,,
224,09/03/2018,0,7,4,3.877955762,0.112457973,,,,,,
115,09/03/2018,1,120,91,3.982819644,0,,,,,,
117,09/03/2018,2,5,83,4.147893657,0,,,,,,
64,09/03/2018,3,25,30,4.652790122,19.90892163,,,,,,
0,09/03/2018,4,0,0,5.052534309,8.114465803,,,,,,
0,09/03/2018,5,0,0,5.692080897,0,,,,,,
233,09/03/2018,6,10,7,4.960112234,0,,,,,,
665,09/03/2018,7,1,21,6.778724115,0,,,,,,
991,09/03/2018,8,37,37,6.745003324,0,,,,,,
945,09/03/2018,9,58,36,9.596921185,0,,,,,,
683,09/03/2018,10,38,70,8.873226527,9.541904182,,,,,,
745,09/03/2018,11,13,38,9.450980084,2.235943675,,,,,,
857,09/03/2018,12,48,65,9.296742063,17.20614378,,,,,,
597,09/03/2018,13,85,46,8.928348039,13.24246564,,,,,,
435,09/03/2018,14,56,95,8.599709018,12.45457392,,,,,,
479,09/03/2018,15,56,32,9.574513373,0,,,,,,
531,09/03/2018,16,109,65,7.429845502,0,,,,,,
925,09/03/2018,17,57,79,6.668421404,0,,,,,,
972,09/03/2018,18,2,1,6.671745701,9.544227576,,,,,,
744,09/03/2018,19,52,50,6.449577916,2.84496138,,,,,,
506,09/03/2018,20,9,48,4.934578962,0,,,,,,
452,09/03/2018,21,98,81,6.174653096,0,,,,,,
434,09/03/2018,22,63,36,4.647819309,0,,,,,,
330,09/03/2018,23,76,38,4.309348889,0,,,,,,
301,10/03/2018,0,26,27,3.892165523,0,,,,,,
233,10/03/2018,1,138,94,5.384596518,10.95073274,,,,,,
234,10/03/2018,2,30,39,5.077074587,0,,,,,,
165,10/03/2018,3,68,74,4.901251201,0,,,,,,
0,10/03/2018,4,0,0,5.082557471,0,,,,,,
0,10/03/2018,5,0,0,5.88741931,0,,,,,,
119,10/03/2018,6,68,58,5.593594723,5.599968957,,,,,,
202,10/03/2018,7,86,57,6.320340498,0,,,,,,
227,10/03/2018,8,1,21,6.870030119,0,,,,,,
344,10/03/2018,9,41,25,8.398091218,0,,,,,,
470,10/03/2018,10,4,13,9.54241691,0,,,,,,
646,10/03/2018,11,23,74,10.42769323,8.80385137,,,,,,
717,10/03/2018,12,14,24,9.288442264,16.67123509,,,,,,
610,10/03/2018,13,21,47,9.797483887,4.501600106,,,,,,
591,10/03/2018,14,17,23,9.608277458,18.11710936,,,,,,
599,10/03/2018,15,3,2,8.085813349,0,,,,,,
703,10/03/2018,16,23,24,7.976550406,0,,,,,,
689,10/03/2018,17,8,52,7.430467551,2.051423377,,,,,,
552,10/03/2018,18,22,18,5.657432923,0,,,,,,
517,10/03/2018,19,25,26,6.567784394,0,,,,,,
538,10/03/2018,20,99,92,6.479126508,0,,,,,,
501,10/03/2018,21,80,41,5.793524261,2.11017988,,,,,,
505,10/03/2018,22,85,56,5.108264807,7.2094916,,,,,,
504,10/03/2018,23,88,66,4.437615806,15.71344927,,,,,,
331,11/03/2018,0,74,85,5.35424928,0,,,,,,
231,11/03/2018,1,13,23,5.187068769,0,,,,,,
204,11/03/2018,2,23,33,4.801184993,0,,,,,,
156,11/03/2018,3,31,16,5.945828001,0,,,,,,
0,11/03/2018,4,0,0,4.805896885,0,,,,,,
0,11/03/2018,5,0,0,5.233517254,0,,,,,,
103,11/03/2018,6,1,13,6.140431286,0,,,,,,
235,11/03/2018,7,24,16,5.648082689,0,,,,,,
228,11/03/2018,8,10,15,7.455248208,0,,,,,,
304,11/03/2018,9,1,47,9.224327472,0,,,,,,
452,11/03/2018,10,4,2,8.605326825,0,,,,,,
520,11/03/2018,11,0,2,9.635810895,0,,,,,,
699,11/03/2018,12,7,73,9.975927963,0,,,,,,
698,11/03/2018,13,0,76,10.58387902,0,,,,,,
587,11/03/2018,14,115,73,8.938999353,0,,,,,,
572,11/03/2018,15,79,99,9.203638263,0,,,,,,
630,11/03/2018,16,37,79,8.332828384,0,,,,,,
621,11/03/2018,17,116,63,7.220647013,0,,,,,,
525,11/03/2018,18,26,19,6.047296702,0,,,,,,
548,11/03/2018,19,14,38,4.82848822,0,,,,,,
596,11/03/2018,20,22,30,5.551078241,0,,,,,,
438,11/03/2018,21,26,70,5.875558073,0,,,,,,
425,11/03/2018,23,17,19,5.079482295,0,,,,,,
450,11/03/2018,23,145,84,4.039306303,0,,,,,,
205,12/03/2018,0,53,75,4.797494824,0,,,,,,
102,12/03/2018,1,9,47,5.061083096,0,,,,,,
101,12/03/2018,2,106,63,4.416228679,0,,,,,,
56,12/03/2018,3,27,15,5.730397402,0,,,,,,
0,12/03/2018,4,0,0,5.385192602,0,,,,,,
0,12/03/2018,5,0,0,6.425593285,0,,,,,,
224,12/03/2018,6,18,9,5.869876974,0,,,,,,
678,12/03/2018,7,141,76,6.220461528,0,,,,,,
904,12/03/2018,8,43,54,8.127687532,0,,,,,,
900,12/03/2018,9,10,10,8.098607758,0,,,,,,
685,12/03/2018,10,86,82,9.381154469,0,,,,,,
642,12/03/2018,11,168,85,9.025156481,0,,,,,,
782,12/03/2018,12,173,92,9.177868502,0,,,,,,
570,12/03/2018,13,44,78,10.10787575,0,,,,,,
406,12/03/2018,14,3,95,10.10498623,0,,,,,,
476,12/03/2018,15,30,44,8.792264097,0,,,,,,
506,12/03/2018,16,84,69,7.111252185,0,,,,,,
900,12/03/2018,17,1,1,7.222365308,0,,,,,,
805,12/03/2018,18,32,36,6.485018401,0,,,,,,
601,12/03/2018,19,115,68,5.252385932,0,,,,,,
540,12/03/2018,20,81,69,5.481300025,0,,,,,,
437,12/03/2018,21,82,70,6.345883956,0,,,,,,
456,12/03/2018,22,49,56,5.389806663,0,,,,,,
354,12/03/2018,23,104,82,4.677439191,0,,,,,,
222,13/03/2018,0,3,22,4.810374971,0,,,,,,
118,13/03/2018,1,24,57,5.432230972,0,,,,,,
116,13/03/2018,2,67,49,4.528670547,0,,,,,,
55,13/03/2018,3,0,58,5.537542125,0,,,,,,
0,13/03/2018,4,0,0,5.422749435,0,,,,,,
0,13/03/2018,5,0,0,5.156326969,0,,,,,,
220,13/03/2018,6,53,43,6.365940393,0,,,,,,
661,13/03/2018,7,67,71,6.880799135,0,,,,,,
929,13/03/2018,8,16,50,7.003345878,0,,,,,,
950,13/03/2018,9,12,84,9.158219231,0,,,,,,
626,13/03/2018,10,44,35,10.48442747,0,,,,,,
663,13/03/2018,11,114,72,10.32161293,0,,,,,,
719,13/03/2018,12,66,65,10.1115243,0,,,,,,
551,13/03/2018,13,26,81,10.6821695,0,,,,,,
449,13/03/2018,14,1,16,9.857174043,0,,,,,,
434,13/03/2018,15,5,53,8.927374051,0,,,,,,
558,13/03/2018,16,23,45,7.950445781,0,,,,,,
1066,13/03/2018,17,62,86,6.265337059,0,,,,,,
941,13/03/2018,18,122,74,6.495248663,0,,,,,,
649,13/03/2018,19,2,2,6.154370961,0,,,,,,
546,13/03/2018,20,63,71,5.082612773,0,,,,,,
428,13/03/2018,21,59,30,4.466275879,0,,,,,,
440,13/03/2018,22,23,48,6.041040089,0,,,,,,
355,13/03/2018,23,27,20,5.389134198,0,,,,,,
218,14/03/2018,0,3,10,4.170243717,0,,,,,,
102,14/03/2018,1,74,87,4.263492236,0,,,,,,
111,14/03/2018,2,23,84,4.447738823,2.227151835,,,,,,
54,14/03/2018,3,31,16,4.429197619,0,,,,,,
0,14/03/2018,4,0,0,4.972241907,0,,,,,,
0,14/03/2018,5,0,0,5.696685706,7.562468189,,,,,,
222,14/03/2018,6,43,49,5.453114057,0,,,,,,
626,14/03/2018,7,66,82,5.929022345,0,,,,,,
914,14/03/2018,8,74,48,7.008751376,0,,,,,,
914,14/03/2018,9,93,66,8.776082925,0,,,,,,
675,14/03/2018,10,4,2,9.851405542,0,,,,,,
836,14/03/2018,11,28,24,10.04555568,6.277151048,,,,,,
707,14/03/2018,12,3,21,10.03454367,0,,,,,,
505,14/03/2018,13,43,37,9.974297041,0,,,,,,
410,14/03/2018,14,12,17,10.57878212,0,,,,,,
461,14/03/2018,15,26,59,9.488473817,7.250392594,,,,,,
564,14/03/2018,16,20,28,7.408840445,0,,,,,,
991,14/03/2018,17,30,49,6.698099211,0,,,,,,
952,14/03/2018,18,15,54,5.945074878,9.027479074,,,,,,
770,14/03/2018,19,44,26,5.069719554,10.40512474,,,,,,
550,14/03/2018,20,152,100,5.202092061,0,,,,,,
551,14/03/2018,21,6,21,5.210622232,3.069468534,,,,,,
449,14/03/2018,22,1,6,5.160847701,16.87851263,,,,,,
324,14/03/2018,23,32,32,5.501155618,0,,,,,,
223,15/03/2018,0,17,69,4.506730656,0,,,,,,
106,15/03/2018,1,17,40,4.640420047,0,,,,,,
117,15/03/2018,2,27,37,5.694333905,0,,,,,,
60,15/03/2018,3,159,80,5.664576075,0,,,,,,
0,15/03/2018,4,0,0,4.811807029,0,,,,,,
0,15/03/2018,5,0,0,6.089596276,0,,,,,,
239,15/03/2018,6,69,82,6.66477638,0,,,,,,
632,15/03/2018,7,8,87,6.210971713,0,,,,,,
1040,15/03/2018,8,46,49,6.867566474,0,,,,,,
853,15/03/2018,9,1,38,8.602217095,0,,,,,,
706,15/03/2018,10,44,44,10.48024278,0,,,,,,
605,15/03/2018,11,4,25,10.5745655,0,,,,,,
726,15/03/2018,12,11,19,9.904993162,0,,,,,,
516,15/03/2018,13,2,3,9.255472938,0,,,,,,
413,15/03/2018,14,44,49,9.163298192,0,,,,,,
442,15/03/2018,15,6,5,9.711095629,0,,,,,,
555,15/03/2018,16,56,51,8.046401747,0,,,,,,
905,15/03/2018,17,30,85,6.590447711,0,,,,,,
808,15/03/2018,18,81,50,6.984597848,0,,,,,,
676,15/03/2018,19,48,33,5.215003408,0,,,,,,
584,15/03/2018,20,61,41,5.965675573,0,,,,,,
472,15/03/2018,21,28,39,5.208911823,0,,,,,,
424,15/03/2018,22,25,14,5.144905871,0,,,,,,
352,15/03/2018,23,18,21,5.761755843,0,,,,,,
221,16/03/2018,0,68,81,4.643341192,0,,,,,,
113,16/03/2018,1,22,21,6.004165302,0,,,,,,
119,16/03/2018,2,11,9,5.29897691,0,,,,,,
63,16/03/2018,3,63,59,5.929554646,2.42407186,,,,,,
0,16/03/2018,4,0,0,4.81385655,19.53157864,,,,,,
0,16/03/2018,5,0,0,5.116648887,0,,,,,,
227,16/03/2018,6,7,66,6.374149776,0,,,,,,
663,16/03/2018,7,84,92,7.430641707,0,,,,,,
1042,16/03/2018,8,33,69,8.095627075,0,,,,,,
1033,16/03/2018,9,21,65,9.188611497,9.925833261,,,,,,
722,16/03/2018,10,23,21,9.268471465,3.438669162,,,,,,
646,16/03/2018,11,86,54,9.991758698,0,,,,,,
718,16/03/2018,12,117,61,10.38990486,17.19463801,,,,,,
558,16/03/2018,13,14,26,9.37948025,1.964083904,,,,,,
427,16/03/2018,14,127,69,10.58670567,0,,,,,,
456,16/03/2018,15,4,24,9.122509963,0,,,,,,
513,16/03/2018,16,191,100,8.290773203,7.186468311,,,,,,
948,16/03/2018,17,174,88,7.091141974,0,,,,,,
1032,16/03/2018,18,139,94,7.114646428,5.675226749,,,,,,
656,16/03/2018,19,3,52,5.947502828,0,,,,,,
551,16/03/2018,20,1,1,5.574542305,0,,,,,,
506,16/03/2018,21,18,82,4.600517785,7.646028995,,,,,,
461,16/03/2018,22,41,42,4.758939215,0,,,,,,
323,16/03/2018,23,9,24,5.939889398,0,,,,,,
306,17/03/2018,0,9,14,4.895810695,0,,,,,,
215,17/03/2018,1,64,74,4.782759907,0,,,,,,
220,17/03/2018,2,10,31,6.127349942,0,,,,,,
151,17/03/2018,3,12,63,6.515314492,0,,,,,,
0,17/03/2018,4,0,0,6.144996534,0,,,,,,
0,17/03/2018,5,0,0,6.371580474,2.324938697,,,,,,
115,17/03/2018,6,0,0,6.20091845,1.852084657,,,,,,
230,17/03/2018,7,22,50,7.703505659,4.195006415,,,,,,
233,17/03/2018,8,172,95,8.881005568,0,,,,,,
372,17/03/2018,9,54,89,8.438980489,4.620068819,,,,,,
431,17/03/2018,10,52,97,8.941509126,0,,,,,,
637,17/03/2018,11,24,30,10.39289217,14.24214989,,,,,,
659,17/03/2018,12,62,93,9.537714118,18.09533355,,,,,,
600,17/03/2018,13,98,64,9.662999921,0,,,,,,
514,17/03/2018,14,1,1,10.57186756,0,,,,,,
569,17/03/2018,15,65,71,8.510255694,19.43509081,,,,,,
715,17/03/2018,16,25,26,7.377455677,0,,,,,,
656,17/03/2018,17,23,13,7.678731557,0,,,,,,
562,17/03/2018,18,9,16,5.75197337,0,,,,,,
582,17/03/2018,19,116,69,5.815340648,0,,,,,,
559,17/03/2018,20,52,49,5.229856616,14.85071272,,,,,,
409,17/03/2018,21,75,41,6.233653604,0,,,,,,
432,17/03/2018,22,56,31,4.769348035,0,,,,,,
467,17/03/2018,23,9,58,5.563089256,3.126443576,,,,,,
340,18/03/2018,0,82,59,4.982777444,0,,,,,,
215,18/03/2018,1,8,10,5.295927296,0,,,,,,
212,18/03/2018,2,5,70,5.167355636,0,,,,,,
162,18/03/2018,3,104,92,6.21945242,0,,,,,,
0,18/03/2018,4,0,0,5.116606131,0,,,,,,
0,18/03/2018,5,0,0,7.051403947,0,,,,,,
104,18/03/2018,6,48,37,5.799853334,0,,,,,,
239,18/03/2018,7,39,28,7.595658132,0,,,,,,
237,18/03/2018,8,154,91,8.026729216,0,,,,,,
303,18/03/2018,9,11,81,9.292634598,0,,,,,,
421,18/03/2018,10,52,83,9.049514372,0,,,,,,
527,18/03/2018,11,27,31,10.71226877,0,,,,,,
648,18/03/2018,12,70,55,11.37650092,0,,,,,,
711,18/03/2018,13,1,63,10.88614706,0,,,,,,
591,18/03/2018,14,35,19,10.51581533,0,,,,,,
539,18/03/2018,15,6,8,9.393806601,0,,,,,,
663,18/03/2018,16,29,18,8.06278151,0,,,,,,
638,18/03/2018,17,22,13,6.828262228,0,,,,,,
517,18/03/2018,18,72,66,6.888302762,0,,,,,,
552,18/03/2018,19,143,98,5.394811536,0,,,,,,
558,18/03/2018,20,142,82,4.988304448,0,,,,,,
479,18/03/2018,21,42,33,5.898964197,0,,,,,,
402,18/03/2018,22,46,60,5.102913372,0,,,,,,
462,18/03/2018,23,23,32,6.141796852,0,,,,,,
235,19/03/2018,0,2,2,5.395316017,0,,,,,,
111,19/03/2018,1,39,26,4.755685967,0,,,,,,
106,19/03/2018,2,175,92,6.407164194,0,,,,,,
54,19/03/2018,3,77,96,5.737701513,0,,,,,,
0,19/03/2018,4,0,0,5.901826226,0,,,,,,
0,19/03/2018,5,0,0,5.33715157,0,,,,,,
209,19/03/2018,6,11,23,6.854508618,0,,,,,,
683,19/03/2018,7,13,46,7.022320613,0,,,,,,
982,19/03/2018,8,51,36,8.966726371,0,,,,,,
859,19/03/2018,9,70,73,9.627324367,0,,,,,,
688,19/03/2018,10,167,99,10.62250873,0,,,,,,
641,19/03/2018,11,4,31,10.67074465,0,,,,,,
776,19/03/2018,12,30,27,11.35865551,0,,,,,,
540,19/03/2018,13,7,41,10.38455849,0,,,,,,
477,19/03/2018,14,20,30,8.976141868,0,,,,,,
410,19/03/2018,15,38,63,9.407875661,0,,,,,,
526,19/03/2018,16,68,53,7.481933577,0,,,,,,
1061,19/03/2018,17,3,18,7.455074074,0,,,,,,
926,19/03/2018,18,75,75,6.013075443,0,,,,,,
679,19/03/2018,19,124,68,5.253110851,0,,,,,,
514,19/03/2018,20,36,28,5.152529082,0,,,,,,
447,19/03/2018,21,106,53,5.296957231,0,,,,,,
455,19/03/2018,22,124,70,5.028804807,0,,,,,,
306,19/03/2018,23,22,100,6.265892278,0,,,,,,
223,20/03/2018,0,1,36,4.476151446,0,,,,,,
113,20/03/2018,1,12,19,6.082405834,0,,,,,,
112,20/03/2018,2,79,53,5.483355323,0,,,,,,
55,20/03/2018,3,34,25,6.076630726,0,,,,,,
0,20/03/2018,4,0,0,5.982792696,0,,,,,,
0,20/03/2018,5,0,0,5.722939362,0,,,,,,
202,20/03/2018,6,51,35,5.310067632,0,,,,,,
612,20/03/2018,7,35,28,6.839484557,0,,,,,,
916,20/03/2018,8,31,21,7.66027431,0,,,,,,
877,20/03/2018,9,98,98,9.536840203,0,,,,,,
670,20/03/2018,10,78,56,9.900889551,0,,,,,,
633,20/03/2018,11,55,73,9.295259269,0,,,,,,
700,20/03/2018,12,0,21,11.22733312,0,,,,,,
583,20/03/2018,13,76,100,9.287460042,0,,,,,,
455,20/03/2018,14,28,95,9.866564743,0,,,,,,
464,20/03/2018,15,132,82,9.527541482,0,,,,,,
600,20/03/2018,16,53,88,8.761683596,0,,,,,,
962,20/03/2018,17,136,98,6.930348119,0,,,,,,
847,20/03/2018,18,13,13,5.518332898,0,,,,,,
652,20/03/2018,19,51,78,6.64602981,0,,,,,,
596,20/03/2018,20,75,55,6.365596853,0,,,,,,
476,20/03/2018,21,2,1,5.057244987,0,,,,,,
470,20/03/2018,22,70,61,5.199916171,0,,,,,,
307,20/03/2018,23,15,9,5.77350667,0,,,,,,
235,21/03/2018,0,36,42,4.550627252,0,,,,,,
111,21/03/2018,1,101,85,5.000537705,0,,,,,,
121,21/03/2018,2,47,52,6.090929353,5.771916652,,,,,,
58,21/03/2018,3,3,7,5.404240043,0,,,,,,
0,21/03/2018,4,0,0,6.770885149,0,,,,,,
0,21/03/2018,5,0,0,5.754004509,0,,,,,,
228,21/03/2018,6,9,50,6.959947214,0,,,,,,
673,21/03/2018,7,8,47,6.748715369,0,,,,,,
915,21/03/2018,8,46,48,9.062419227,0,,,,,,
852,21/03/2018,9,9,25,10.02457221,0,,,,,,
776,21/03/2018,10,29,54,10.61002276,6.940228267,,,,,,
712,21/03/2018,11,10,5,9.875829009,0,,,,,,
753,21/03/2018,12,58,37,10.3506835,0,,,,,,
563,21/03/2018,13,62,62,11.00906372,0,,,,,,
472,21/03/2018,14,51,28,10.7294828,0,,,,,,
420,21/03/2018,15,34,59,9.920865351,0,,,,,,
579,21/03/2018,16,14,30,7.821470112,0,,,,,,
1095,21/03/2018,17,39,28,7.391274782,19.56713989,,,,,,
878,21/03/2018,18,19,21,6.407973033,0,,,,,,
630,21/03/2018,19,17,28,6.283046648,0,,,,,,
577,21/03/2018,20,42,53,6.866931143,0,,,,,,
458,21/03/2018,21,117,78,6.464030673,0,,,,,,
418,21/03/2018,22,12,43,4.703513457,0,,,,,,
343,21/03/2018,23,19,22,5.777036318,7.037101206,,,,,,
262,22/03/2018,0,36,37,4.264585203,13.21905015,,,,,,
113,22/03/2018,1,25,14,5.50027049,4.839785996,,,,,,
102,22/03/2018,2,15,10,6.580182075,0,,,,,,
58,22/03/2018,3,71,57,5.804486182,0,,,,,,
0,22/03/2018,4,0,0,6.015883024,8.391050755,,,,,,
0,22/03/2018,5,0,0,6.354242815,0,,,,,,
218,22/03/2018,6,3,2,5.400099426,0,,,,,,
618,22/03/2018,7,11,46,7.166551001,0,,,,,,
910,22/03/2018,8,114,58,7.82305592,0,,,,,,
833,22/03/2018,9,18,90,8.409638034,16.76092532,,,,,,
673,22/03/2018,10,97,91,9.184864129,0,,,,,,
647,22/03/2018,11,154,81,10.2336201,0,,,,,,
713,22/03/2018,12,38,56,10.06504104,0,,,,,,
613,22/03/2018,13,156,84,10.36757777,12.46030915,,,,,,
403,22/03/2018,14,6,12,9.029649883,0,,,,,,
463,22/03/2018,15,22,11,9.664692472,3.810585941,,,,,,
581,22/03/2018,16,36,65,8.268602436,0,,,,,,
1108,22/03/2018,17,60,50,7.049747355,15.3813949,,,,,,
936,22/03/2018,18,40,34,6.988597873,0,,,,,,
777,22/03/2018,19,26,71,6.749028316,0.620632705,,,,,,
596,22/03/2018,20,116,60,6.232644655,0,,,,,,
408,22/03/2018,21,11,22,5.05525174,0,,,,,,
433,22/03/2018,22,6,5,6.401985167,0,,,,,,
344,22/03/2018,23,6,20,5.625289562,0,,,,,,
215,23/03/2018,0,8,26,4.814449742,0,,,,,,
109,23/03/2018,1,72,48,4.701894364,0,,,,,,
101,23/03/2018,2,0,0,5.267763658,0,,,,,,
51,23/03/2018,3,26,22,5.723875807,0,,,,,,
0,23/03/2018,4,0,0,7.106772812,0,,,,,,
0,23/03/2018,5,0,0,5.636875373,0,,,,,,
214,23/03/2018,6,125,72,6.22610332,0,,,,,,
660,23/03/2018,7,57,67,7.286106336,0,,,,,,
1041,23/03/2018,8,32,48,8.612578148,0,,,,,,
939,23/03/2018,9,15,9,8.59263365,0,,,,,,
610,23/03/2018,10,52,34,9.910479814,0,,,,,,
656,23/03/2018,11,86,82,11.17238449,0,,,,,,
820,23/03/2018,12,54,29,11.56186734,0,,,,,,
583,23/03/2018,13,56,85,9.542984485,0,,,,,,
433,23/03/2018,14,70,50,10.18620434,0,,,,,,
430,23/03/2018,15,59,45,9.09696517,0,,,,,,
547,23/03/2018,16,16,87,9.080097089,0,,,,,,
1025,23/03/2018,17,14,9,7.984245449,0,,,,,,
863,23/03/2018,18,112,93,7.175244162,0,,,,,,
638,23/03/2018,19,15,38,5.912917204,0,,,,,,
576,23/03/2018,20,53,62,6.185445291,0,,,,,,
451,23/03/2018,21,22,78,6.225281177,0,,,,,,
427,23/03/2018,22,79,43,5.126357578,0,,,,,,
356,23/03/2018,23,9,11,5.81138362,0,,,,,,
328,24/03/2018,0,21,21,5.44606551,0,,,,,,
239,24/03/2018,1,63,69,4.57499906,0,,,,,,
202,24/03/2018,2,188,100,5.635426516,0,,,,,,
158,24/03/2018,3,17,29,5.172016611,0,,,,,,
0,24/03/2018,4,0,0,5.501751141,0,,,,,,
0,24/03/2018,5,0,0,6.000596673,0,,,,,,
121,24/03/2018,6,109,58,6.164130825,10.17599361,,,,,,
206,24/03/2018,7,64,49,6.66733439,0,,,,,,
240,24/03/2018,8,19,17,8.776783298,0,,,,,,
325,24/03/2018,9,17,93,8.832837204,0,,,,,,
533,24/03/2018,10,120,61,9.223634732,11.0514252,,,,,,
508,24/03/2018,11,80,78,9.374086601,0,,,,,,
632,24/03/2018,12,19,26,9.967398076,0,,,,,,
624,24/03/2018,13,14,11,9.565467204,0,,,,,,
582,24/03/2018,14,10,7,9.328357242,0,,,,,,
539,24/03/2018,15,71,39,8.952130285,0,,,,,,
600,24/03/2018,16,90,48,8.824924388,0,,,,,,
689,24/03/2018,17,43,45,6.120515663,0,,,,,,
508,24/03/2018,18,51,67,6.200820546,0,,,,,,
556,24/03/2018,19,72,71,5.471512355,0,,,,,,
560,24/03/2018,20,71,74,6.028478023,0,,,,,,
474,24/03/2018,21,47,43,6.065851049,19.46667327,,,,,,
488,24/03/2018,22,99,53,5.394404013,18.47034635,,,,,,
453,24/03/2018,23,68,41,6.079759471,0,,,,,,
351,25/03/2018,0,46,26,5.105936987,0,,,,,,
232,25/03/2018,1,46,73,5.016219363,0,,,,,,
201,25/03/2018,2,39,25,6.452545046,0,,,,,,
175,25/03/2018,3,48,74,5.768410302,0,,,,,,
0,25/03/2018,4,0,0,6.013337267,0,,,,,,
0,25/03/2018,5,0,0,5.937953432,0,,,,,,
103,25/03/2018,6,79,45,5.528049871,0,,,,,,
206,25/03/2018,7,45,65,6.806548535,0,,,,,,
231,25/03/2018,8,28,21,8.177710494,0,,,,,,
333,25/03/2018,9,4,90,8.574728364,0,,,,,,
460,25/03/2018,10,125,67,10.27579436,0,,,,,,
513,25/03/2018,11,2,3,9.79726016,0,,,,,,
693,25/03/2018,12,69,54,11.303867,0,,,,,,
636,25/03/2018,13,122,71,10.89272568,0,,,,,,
558,25/03/2018,14,109,63,9.12398202,0,,,,,,
511,25/03/2018,15,6,66,9.208266267,0,,,,,,
611,25/03/2018,16,2,15,7.509696826,0,,,,,,
625,25/03/2018,17,87,100,7.5955499,0,,,,,,
584,25/03/2018,18,39,70,6.196495798,0,,,,,,
584,25/03/2018,19,165,92,6.63208283,0,,,,,,
523,25/03/2018,20,76,52,6.933797274,0,,,,,,
445,25/03/2018,21,34,54,5.039369002,0,,,,,,
465,25/03/2018,22,12,26,5.255512583,0,,,,,,
468,25/03/2018,23,26,22,4.775618166,0,,,,,,
248,26/03/2018,0,33,88,5.625744216,1.844415708,,,,,,
123,26/03/2018,1,9,36,5.793911565,3.741199633,,,,,,
105,26/03/2018,2,95,74,5.044074669,0,,,,,,
67,26/03/2018,3,44,34,5.333155336,4.508314907,,,,,,
0,26/03/2018,4,0,0,7.060797978,0,,,,,,
0,26/03/2018,5,0,0,6.707510576,0,,,,,,
203,26/03/2018,6,28,26,5.935436534,0,,,,,,
729,26/03/2018,7,15,52,7.155807251,7.236706736,,,,,,
960,26/03/2018,8,11,6,7.817019024,0,,,,,,
956,26/03/2018,9,144,79,9.719629278,0,,,,,,
693,26/03/2018,10,53,34,10.69277938,0,,,,,,
708,26/03/2018,11,128,87,11.12836816,0,,,,,,
827,26/03/2018,12,3,4,10.05309407,0,,,,,,
695,26/03/2018,13,22,31,10.85617561,14.12806189,,,,,,
423,26/03/2018,14,29,27,9.205678054,10.2586663,,,,,,
428,26/03/2018,15,9,7,9.420548807,0,,,,,,
546,26/03/2018,16,18,31,8.248172271,0,,,,,,
907,26/03/2018,17,58,62,7.507715781,0,,,,,,
942,26/03/2018,18,29,36,7.055557103,0,,,,,,
665,26/03/2018,19,55,87,6.28518018,0,,,,,,
561,26/03/2018,20,4,11,7.059414517,0,,,,,,
445,26/03/2018,21,24,29,5.206409985,0,,,,,,
451,26/03/2018,22,7,20,6.073792509,0,,,,,,
304,26/03/2018,23,29,21,5.15367491,0,,,,,,
208,27/03/2018,0,2,3,5.229911597,0,,,,,,
115,27/03/2018,1,60,30,6.66598709,0,,,,,,
112,27/03/2018,2,9,50,6.24326835,0,,,,,,
58,27/03/2018,3,55,34,6.091311975,0,,,,,,
0,27/03/2018,4,0,0,7.085772123,0,,,,,,
0,27/03/2018,5,0,0,5.877874183,0,,,,,,
223,27/03/2018,6,15,10,7.24628453,0,,,,,,
715,27/03/2018,7,122,72,8.010468158,0,,,,,,
969,27/03/2018,8,37,21,8.224438704,0,,,,,,
960,27/03/2018,9,6,64,9.684306338,0,,,,,,
611,27/03/2018,10,110,61,9.937646132,0,,,,,,
690,27/03/2018,11,19,35,11.10314681,0,,,,,,
739,27/03/2018,12,32,65,11.48809839,0,,,,,,
509,27/03/2018,13,17,14,10.65920985,0,,,,,,
469,27/03/2018,14,10,6,10.35303616,0,,,,,,
479,27/03/2018,15,38,29,9.246047693,0,,,,,,
569,27/03/2018,16,18,53,9.311350757,0,,,,,,
1069,27/03/2018,17,7,31,7.988629754,0,,,,,,
876,27/03/2018,18,19,23,7.137717237,0,,,,,,
705,27/03/2018,19,67,56,7.232256252,0,,,,,,
561,27/03/2018,20,30,50,6.386196455,0,,,,,,
403,27/03/2018,21,12,56,5.919872069,0,,,,,,
435,27/03/2018,22,6,4,6.318461363,0,,,,,,
359,27/03/2018,23,75,44,6.340300641,0,,,,,,
204,28/03/2018,0,12,26,5.154506253,0,,,,,,
110,28/03/2018,1,128,93,5.799644281,0,,,,,,
118,28/03/2018,2,46,89,6.855252458,0,,,,,,
53,28/03/2018,3,72,47,6.129169332,0,,,,,,
0,28/03/2018,4,0,0,6.634443056,0,,,,,,
0,28/03/2018,5,0,0,6.587030897,0,,,,,,
222,28/03/2018,6,12,26,7.192503621,0,,,,,,
703,28/03/2018,7,15,59,8.047155862,0,,,,,,
1024,28/03/2018,8,18,66,7.926293388,0,,,,,,
933,28/03/2018,9,0,23,10.13717121,0,,,,,,
672,28/03/2018,10,1,88,9.837447133,0,,,,,,
668,28/03/2018,11,134,98,11.4805904,0,,,,,,
799,28/03/2018,12,13,35,10.30321343,0,,,,,,
520,28/03/2018,13,62,32,10.27516807,0,,,,,,
456,28/03/2018,14,31,16,9.898025229,0,,,,,,
410,28/03/2018,15,60,31,9.62771006,0,,,,,,
574,28/03/2018,16,7,9,8.396959757,0,,,,,,
985,28/03/2018,17,14,24,6.678531436,0,,,,,,
942,28/03/2018,18,8,10,6.462813021,0,,,,,,
712,28/03/2018,19,183,94,5.982359916,0,,,,,,
552,28/03/2018,20,134,90,6.486961655,0,,,,,,
419,28/03/2018,21,50,81,6.103550964,0,,,,,,
417,28/03/2018,22,39,23,5.80635534,0,,,,,,
339,28/03/2018,23,12,8,6.293109079,0,,,,,,
233,29/03/2018,0,100,76,4.809360455,0,,,,,,
105,29/03/2018,1,18,65,5.584114226,0,,,,,,
118,29/03/2018,2,70,35,5.799738215,0,,,,,,
60,29/03/2018,3,153,78,5.48005382,0,,,,,,
0,29/03/2018,4,0,0,6.455393742,0,,,,,,
0,29/03/2018,5,0,0,7.528568229,0,,,,,,
237,29/03/2018,6,12,38,6.377759833,0,,,,,,
710,29/03/2018,7,0,0,7.058146944,0,,,,,,
937,29/03/2018,8,64,55,8.016947816,0,,,,,,
844,29/03/2018,9,104,62,9.556748652,0,,,,,,
660,29/03/2018,10,20,24,9.749046728,0,,,,,,
703,29/03/2018,11,10,17,11.14900052,0,,,,,,
745,29/03/2018,12,2,5,10.46214245,0,,,,,,
547,29/03/2018,13,73,45,11.01673332,0,,,,,,
470,29/03/2018,14,1,1,10.51156231,0,,,,,,
448,29/03/2018,15,29,50,9.831437702,0,,,,,,
556,29/03/2018,16,118,69,8.834583833,0,,,,,,
1052,29/03/2018,17,79,69,6.759513145,0,,,,,,
804,29/03/2018,18,42,29,6.768894994,0,,,,,,
671,29/03/2018,19,97,49,6.010961102,0,,,,,,
514,29/03/2018,20,1,7,7.269352291,0,,,,,,
463,29/03/2018,21,4,3,6.2885118,0,,,,,,
403,29/03/2018,22,155,91,6.583883087,0,,,,,,
325,29/03/2018,23,41,32,6.610812836,0,,,,,,
223,30/03/2018,0,35,54,5.386192622,0,,,,,,
120,30/03/2018,1,13,36,6.093440302,13.07457195,,,,,,
118,30/03/2018,2,67,40,5.391066335,0,,,,,,
53,30/03/2018,3,195,98,6.346755992,0,,,,,,
0,30/03/2018,4,0,0,6.968160798,0,,,,,,
0,30/03/2018,5,0,0,7.371560028,0,,,,,,
228,30/03/2018,6,6,16,7.284780188,4.108154496,,,,,,
797,30/03/2018,7,86,51,8.177801672,7.563089903,,,,,,
1069,30/03/2018,8,95,71,8.398469807,5.406968451,,,,,,
920,30/03/2018,9,59,94,9.096357217,0,,,,,,
679,30/03/2018,10,59,37,9.336090014,0,,,,,,
639,30/03/2018,11,11,38,10.03854834,0,,,,,,
831,30/03/2018,12,16,13,10.21536711,0,,,,,,
545,30/03/2018,13,118,94,10.46029596,0,,,,,,
487,30/03/2018,14,161,82,9.536480561,5.81339377,,,,,,
514,30/03/2018,15,21,40,9.25555113,10.21683518,,,,,,
551,30/03/2018,16,14,10,8.969648658,0,,,,,,
1015,30/03/2018,17,89,48,7.789531722,0,,,,,,
845,30/03/2018,18,3,3,5.938958989,0,,,,,,
692,30/03/2018,19,16,20,6.893870309,16.90657041,,,,,,
501,30/03/2018,20,1,1,7.093864957,0,,,,,,
437,30/03/2018,21,81,53,5.662537215,0,,,,,,
419,30/03/2018,22,39,84,6.618246079,0,,,,,,
392,30/03/2018,23,95,54,6.213156534,16.80155306,,,,,,
332,31/03/2018,0,9,14,5.900496678,0,,,,,,
267,31/03/2018,1,11,94,6.190337544,9.206000551,,,,,,
209,31/03/2018,2,41,23,6.260317463,0,,,,,,
184,31/03/2018,3,97,50,5.42230113,16.78533007,,,,,,
0,31/03/2018,4,0,0,7.308014502,0,,,,,,
0,31/03/2018,5,0,0,6.805539053,0,,,,,,
114,31/03/2018,6,6,19,6.947693488,0,,,,,,
225,31/03/2018,7,8,10,7.706463725,0,,,,,,
262,31/03/2018,8,78,96,7.877915662,2.227310442,,,,,,
329,31/03/2018,9,74,84,10.08875079,0,,,,,,
417,31/03/2018,10,8,15,9.591410522,0,,,,,,
600,31/03/2018,11,40,34,10.7758649,0,,,,,,
606,31/03/2018,12,0,3,11.46482715,0,,,,,,
675,31/03/2018,13,29,50,10.04142909,0,,,,,,
539,31/03/2018,14,103,70,11.29108285,0,,,,,,
612,31/03/2018,15,2,2,9.882659189,7.248346663,,,,,,
663,31/03/2018,16,49,25,7.886853518,0,,,,,,
618,31/03/2018,17,7,11,7.208242041,0,,,,,,
585,31/03/2018,18,53,97,6.789415554,0,,,,,,
551,31/03/2018,19,24,66,6.676168285,0,,,,,,
563,31/03/2018,20,34,20,6.689103345,0,,,,,,
460,31/03/2018,21,114,74,6.254834635,0,,,,,,
412,31/03/2018,22,27,34,6.75999148,0,,,,,,
478,31/03/2018,23,13,83,6.460860581,0,,,,,,
,,,,,,,,,,,,
,,,,,,,,,,,,
,,,,,,,,,,,,
,,,,,,,,,,,,
,,,,,,,,,,,,
,,,,,,,,,,,,
,,,,,,,,,,,,
,,,,,,,,,,,,
,,,,,,,,,,,,
,,,,,,,,,,,,
,,,,,,,,,,,,
,,,,,,,,,,,,
,,,,,,,,,,,,
,,,,,,,,,,,,
,,,,,,,,,,,,
,,,,,,,,,,,,
,,,,,,,,,,,,
,,,,,,,,,,,,
,,,,,,,,,,,,
,,,,,,,,,,,,
,,,,,,,,,,,,
,,,,,,,,,,,,
,,,,,,,,,,,,
,,,,,,,,,,,,
,,,,,,,,,,,,
,,,,,,,,,,,,
,,,,,,,,,,,,
,,,,,,,,,,,,
,,,,,,,,,,,,
,,,,,,,,,,,,
,,,,,,,,,,,,
,,,,,,,,,,,,
,,,,,,,,,,,,
,,,,,,,,,,,,
,,,,,,,,,,,,
,,,,,,,,,,,,
,,,,,,,,,,,,
,,,,,,,,,,,,
,,,,,,,,,,,,
,,,,,,,,,,,,
,,,,,,,,,,,,
,,,,,,,,,,,,
,,,,,,,,,,,,
,,,,,,,,,,,,
,,,,,,,,,,,,
,,,,,,,,,,,,
,,,,,,,,,,,,
,,,,,,,,,,,,
,,,,,,,,,,,,
,,,,,,,,,,,,
,,,,,,,,,,,,
,,,,,,,,,,,,
,,,,,,,,,,,,
,,,,,,,,,,,,
,,,,,,,,,,,,
,,,,,,,,,,,,
,,,,,,,,,,,,
,,,,,,,,,,,,
,,,,,,,,,,,,
,,,,,,,,,,,,
,,,,,,,,,,,,
,,,,,,,,,,,,
,,,,,,,,,,,,
,,,,,,,,,,,,
,,,,,,,,,,,,
,,,,,,,,,,,,
,,,,,,,,,,,,
,,,,,,,,,,,,
,,,,,,,,,,,,
,,,,,,,,,,,,
,,,,,,,,,,,,
,,,,,,,,,,,,
,,,,,,,,,,,,
,,,,,,,,,,,,
,,,,,,,,,,,,
,,,,,,,,,,,,
,,,,,,,,,,,,
,,,,,,,,,,,,
,,,,,,,,,,,,
,,,,,,,,,,,,
,,,,,,,,,,,,
,,,,,,,,,,,,
,,,,,,,,,,,,
,,,,,,,,,,,,
,,,,,,,,,,,,
,,,,,,,,,,,,
,,,,,,,,,,,,
,,,,,,,,,,,,
,,,,,,,,,,,,
,,,,,,,,,,,,
,,,,,,,,,,,,
,,,,,,,,,,,,
,,,,,,,,,,,,
,,,,,,,,,,,,
,,,,,,,,,,,,
,,,,,,,,,,,,
,,,,,,,,,,,,
,,,,,,,,,,,,
,,,,,,,,,,,,
,,,,,,,,,,,,
,,,,,,,,,,,,
,,,,,,,,,,,,
,,,,,,,,,,,,
,,,,,,,,,,,,
,,,,,,,,,,,,
,,,,,,,,,,,,
,,,,,,,,,,,,
,,,,,,,,,,,,
,,,,,,,,,,,,
,,,,,,,,,,,,
,,,,,,,,,,,,
,,,,,,,,,,,,
,,,,,,,,,,,,
,,,,,,,,,,,,
,,,,,,,,,,,,
,,,,,,,,,,,,
,,,,,,,,,,,,
,,,,,,,,,,,,
,,,,,,,,,,,,
,,,,,,,,,,,,
,,,,,,,,,,,,
,,,,,,,,,,,,
,,,,,,,,,,,,
,,,,,,,,,,,,
,,,,,,,,,,,,
,,,,,,,,,,,,
,,,,,,,,,,,,
,,,,,,,,,,,,
,,,,,,,,,,,,
,,,,,,,,,,,,
,,,,,,,,,,,,
,,,,,,,,,,,,
,,,,,,,,,,,,
,,,,,,,,,,,,
,,,,,,,,,,,,
,,,,,,,,,,,,
,,,,,,,,,,,,
,,,,,,,,,,,,
,,,,,,,,,,,,
,,,,,,,,,,,,
,,,,,,,,,,,,
,,,,,,,,,,,,
,,,,,,,,,,,,
,,,,,,,,,,,,
